name,year,healthExpPctGDP,healthExpPerCapita,INFANTMORTALITY,lifeExpectancy
Australia,1970,,,17.9,70.8
Australia,1971,4.547,212.852,17.3,71.6
Australia,1972,4.547,226.903,16.7,72
Australia,1973,4.511,251.575,16.5,72.1
Australia,1974,5.112,307.633,16.1,71.9
Australia,1975,5.76,375.201,14.3,72.7
Australia,1976,5.777,406.946,13.8,72.8
Australia,1977,6.076,451.146,12.5,73.4
Australia,1978,5.938,484.292,12.2,73.7
Australia,1979,5.828,527.962,11.4,74.3
Australia,1980,5.83,593.672,10.7,74.6
Australia,1981,5.839,669.693,10,74.9
Australia,1982,6.106,707.083,10.3,74.7
Australia,1983,6.052,759.057,9.6,75.5
Australia,1984,6.024,805.618,9.2,75.8
Australia,1985,6.075,857.16,9.9,75.6
Australia,1986,6.274,905.239,8.8,76.1
Australia,1987,6.112,952.146,8.7,76.3
Australia,1988,6.067,1027.395,8.7,76.3
Australia,1989,6.12,1096.768,8,76.5
Australia,1990,6.48,1165.605,8.2,77
Australia,1991,6.776,1233.791,7.1,77.4
Australia,1992,6.841,1304.931,7,77.5
Australia,1993,6.857,1372.481,6.1,78
Australia,1994,6.889,1453.483,5.9,78
Australia,1995,6.935,1536.271,5.7,77.9
Australia,1996,7.074,1642.047,5.8,78.2
Australia,1997,7.088,1726.862,5.3,78.5
Australia,1998,7.244,1838.553,5,78.7
Australia,1999,7.331,1956.897,5.7,79
Australia,2000,7.614,2153.657,5.2,79.3
Australia,2001,7.696,2289.436,5.3,79.7
Australia,2002,7.893,2481.046,5,80
Australia,2003,7.904,2577.015,4.8,80.3
Australia,2004,8.109,2816.897,4.7,80.6
Australia,2005,7.99,2872.44,4.9,80.9
Australia,2006,7.989,2994.996,4.7,81.1
Australia,2007,8.068,3197.64,4.1,81.4
Australia,2008,8.256,3350.144,4.1,81.5
Australia,2009,8.563,3421.858,4.2,81.6
Australia,2010,8.431,3595.357,4.1,81.8
Australia,2011,8.542,3809.112,3.8,82
Australia,2012,8.676,3854.19,3.3,82.1
Australia,2013,8.759,4091.385,3.6,82.2
Australia,2014,9.038,4190.681,3.4,82.4
Australia,2015,9.315,4381.229,3.2,82.5
Austria,1970,4.838,173.209,25.9,70
Austria,1971,4.77,189.072,26.1,70.2
Austria,1972,4.765,209.017,25.2,70.6
Austria,1973,4.857,237.597,23.8,71.1
Austria,1974,5.086,282.873,23.5,71.1
Austria,1975,6.507,386.66,20.5,71.2
Austria,1976,6.74,439.028,18.2,71.7
Austria,1977,6.681,485.661,16.8,72
Austria,1978,6.949,545.348,15,72.1
Austria,1979,6.924,623.974,14.7,72.4
Austria,1980,7.022,710.128,14.3,72.6
Austria,1981,6.024,659.026,12.6,72.9
Austria,1982,5.999,703.342,12.8,73.1
Austria,1983,5.832,735.6,11.9,73.1
Austria,1984,5.879,769.493,11.4,73.7
Austria,1985,6.008,828.079,11.2,73.9
Austria,1986,6.115,888.416,10.3,74.4
Austria,1987,6.405,981.697,9.8,74.9
Austria,1988,6.397,1050.034,8.1,75.3
Austria,1989,6.54,1161.541,8.3,75.4
Austria,1990,7.718,1480.721,7.8,75.7
Austria,1991,7.782,1584.106,7.5,75.7
Austria,1992,8.077,1705.06,7.5,75.9
Austria,1993,8.601,1847.955,6.5,76.2
Austria,1994,8.99,2015.16,6.3,76.5
Austria,1995,8.924,2083.931,5.4,76.8
Austria,1996,8.884,2158.958,5.1,77
Austria,1997,8.984,2263.036,4.7,77.4
Austria,1998,9.15,2427.098,4.9,77.8
Austria,1999,9.302,2569.344,4.4,78
Austria,2000,9.204,2802.259,4.8,78.2
Austria,2001,9.269,2857.775,4.8,78.7
Austria,2002,9.395,3101.021,4.1,78.8
Austria,2003,9.547,3198.034,4.5,78.7
Austria,2004,9.709,3411.471,4.5,79.3
Austria,2005,9.627,3475.868,4.2,79.4
Austria,2006,9.531,3631.747,3.6,80
Austria,2007,9.532,3794.318,3.7,80.3
Austria,2008,9.726,4009.307,3.7,80.5
Austria,2009,10.226,4100.199,3.8,80.4
Austria,2010,10.221,4257.215,3.9,80.7
Austria,2011,10.026,4345.158,3.6,81.1
Austria,2012,10.199,4588.344,3.2,81
Austria,2013,10.286,4767.083,3.1,81.2
Austria,2014,10.368,4858.587,3,81.6
Austria,2015,10.368,4944.771,3.1,81.3
Belgium,1970,3.836,149.416,21.1,71.1
Belgium,1971,3.922,164.726,20.4,71.2
Belgium,1972,4.076,186.107,18.8,71.5
Belgium,1973,4.355,224.203,17.7,71.7
Belgium,1974,4.419,257.122,17.4,72.1
Belgium,1975,5.518,334.988,16.1,72.1
Belgium,1976,5.725,384.284,15.3,72.2
Belgium,1977,6.193,445.68,13.6,72.9
Belgium,1978,6.382,502.181,13.3,72.8
Belgium,1979,6.364,562.349,12.3,73.3
Belgium,1980,6.148,591.814,12.1,73.3
Belgium,1981,6.561,668.162,11.5,73.7
Belgium,1982,6.788,740.97,11.1,74
Belgium,1983,6.954,785.328,10.6,74
Belgium,1984,6.797,812.685,10,74.5
Belgium,1985,6.846,864.957,9.8,74.6
Belgium,1986,7.017,943.833,9.6,74.8
Belgium,1987,7.123,1008.629,9.7,75.5
Belgium,1988,7.122,1110.612,9,75.7
Belgium,1989,7.066,1202.441,8.5,75.7
Belgium,1990,7.109,1300.537,8,76.1
Belgium,1991,7.419,1419.511,8.3,76.3
Belgium,1992,7.598,1524.11,8.2,76.5
Belgium,1993,7.722,1582.038,8,76.5
Belgium,1994,7.52,1620.03,7.6,76.8
Belgium,1995,7.479,1668.985,6,77
Belgium,1996,7.754,1766.814,5,77.3
Belgium,1997,7.612,1813.119,5.4,77.5
Belgium,1998,7.735,1880.839,5.2,77.6
Belgium,1999,7.9,2011.684,4.9,77.7
Belgium,2000,7.942,2296.835,4.8,77.8
Belgium,2001,8.105,2403.121,4.5,78.1
Belgium,2002,8.263,2644.145,4.4,78.2
Belgium,2003,9.106,2899.014,4.1,78.2
Belgium,2004,9.125,3038.701,3.9,79
Belgium,2005,9.007,3045.334,3.7,79.1
Belgium,2006,8.912,3130.953,4,79.5
Belgium,2007,8.949,3248.904,3.9,79.9
Belgium,2008,9.337,3472.416,3.8,79.8
Belgium,2009,10.135,3677.588,3.5,80.1
Belgium,2010,9.975,3840.327,3.6,80.3
Belgium,2011,10.137,3998.296,3.4,80.7
Belgium,2012,10.266,4160.898,3.8,80.5
Belgium,2013,10.37,4349.432,3.5,80.7
Belgium,2014,10.415,4477.796,3.4,81.4
Belgium,2015,10.28,4526.597,3.3,81.1
Brazil,1970,,,102,59.2
Brazil,1971,,,99.6,59.6
Brazil,1972,,,97.2,60
Brazil,1973,,,94.8,60.3
Brazil,1974,,,92.5,60.6
Brazil,1975,,,90,60.9
Brazil,1976,,,87.6,61.1
Brazil,1977,,,85.1,61.3
Brazil,1978,,,82.5,61.6
Brazil,1979,,,79.7,61.8
Brazil,1980,,,76.7,62.1
Brazil,1981,,,73.7,62.4
Brazil,1982,,,70.8,62.7
Brazil,1983,,,67.9,63
Brazil,1984,,,65.3,63.3
Brazil,1985,,,62.9,63.6
Brazil,1986,,,60.7,64
Brazil,1987,,,58.7,64.3
Brazil,1988,,,56.6,64.7
Brazil,1989,,,54.6,65.1
Brazil,1990,,,52.6,65.4
Brazil,1991,,,50.4,65.8
Brazil,1992,,,48.2,66.3
Brazil,1993,,,45.8,66.7
Brazil,1994,,,43.4,67.2
Brazil,1995,,,41,67.7
Brazil,1996,,,38.6,68.2
Brazil,1997,,,36.4,68.7
Brazil,1998,,,34.3,69.2
Brazil,1999,,,32.3,69.7
Brazil,2000,8.335,538.81,30.4,70.1
Brazil,2001,8.55,575.609,28.6,70.5
Brazil,2002,8.697,612.625,26.8,70.9
Brazil,2003,8.189,586.175,25.2,71.3
Brazil,2004,8.125,630.868,23.6,71.7
Brazil,2005,8.035,661.548,22.1,72.1
Brazil,2006,8.25,738.721,20.8,72.4
Brazil,2007,8.202,814.279,19.5,72.8
Brazil,2008,8.011,884.206,18.5,73.2
Brazil,2009,8.395,933.768,17.5,73.5
Brazil,2010,7.945,987.223,16.7,73.9
Brazil,2011,7.788,1045.13,16,74.2
Brazil,2012,7.736,1096.497,15.4,74.5
Brazil,2013,7.977,1185.937,14.9,74.8
Brazil,2014,8.396,1282.215,14.5,75
Brazil,2015,8.87,1279.359,14,75.3
Canada,1970,6.258,273.209,18.8,
Canada,1971,6.512,313.371,17.5,72.9
Canada,1972,6.431,338.201,17.1,
Canada,1973,6.126,366.71,15.5,
Canada,1974,6.036,420.17,15,
Canada,1975,6.493,487.466,14.3,
Canada,1976,6.5,543.303,13.5,73.9
Canada,1977,6.48,580.771,12.4,
Canada,1978,6.457,624.757,12,
Canada,1979,6.35,692.226,10.9,75.1
Canada,1980,6.536,791.761,10.4,75.3
Canada,1981,6.766,898.75,9.6,75.5
Canada,1982,7.495,996.022,9.1,75.6
Canada,1983,7.664,1066.679,8.5,75.9
Canada,1984,7.551,1134.949,8.1,76.2
Canada,1985,7.558,1212.774,8,76.3
Canada,1986,7.798,1278.734,7.9,76.5
Canada,1987,7.739,1357.36,7.3,76.6
Canada,1988,7.738,1461.203,7.2,76.8
Canada,1989,7.946,1579.437,7.1,77
Canada,1990,8.364,1699.66,6.8,77.2
Canada,1991,9.048,1805.088,6.4,77.5
Canada,1992,9.301,1897.329,6.3,77.7
Canada,1993,9.186,1930.758,6.8,77.8
Canada,1994,8.835,1961.724,6.3,77.9
Canada,1995,8.532,1984.313,6.1,77.9
Canada,1996,8.336,1999.185,5.6,78.1
Canada,1997,8.318,2091.516,5.5,78.3
Canada,1998,8.547,2199.798,5.3,78.5
Canada,1999,8.329,2278.254,5.3,78.7
Canada,2000,8.248,2451.054,5.3,79
Canada,2001,8.625,2622.87,5.2,79.2
Canada,2002,8.857,2758.211,5.4,79.4
Canada,2003,9.011,2913.291,5.3,79.6
Canada,2004,9.066,3121.349,5.3,79.8
Canada,2005,9.035,3292.054,5.4,80
Canada,2006,9.375,3497.477,5,80.3
Canada,2007,9.476,3717.581,5.1,80.4
Canada,2008,9.639,3862.203,5.1,80.6
Canada,2009,10.756,3964.489,4.9,80.8
Canada,2010,10.728,4166.696,5,81.1
Canada,2011,10.403,4226.516,4.9,81.3
Canada,2012,10.403,4285.693,4.8,81.5
Canada,2013,10.287,4365.618,5,81.7
Canada,2014,10.121,4463.64,4.7,81.8
Canada,2015,10.584,4550.831,4.5,81.9
Chile,1970,,,79.3,62.3
Chile,1971,,,70.5,
Chile,1972,,,71.1,
Chile,1973,,,65.2,
Chile,1974,,,63.3,
Chile,1975,,,55.4,
Chile,1976,,,54,
Chile,1977,,,47.5,
Chile,1978,,,38.7,
Chile,1979,,,36.6,
Chile,1980,,,33,
Chile,1981,,,27,
Chile,1982,,,24,
Chile,1983,,,22.2,
Chile,1984,,,19.6,
Chile,1985,,,19.5,
Chile,1986,,,19.1,
Chile,1987,,,18.5,
Chile,1988,,,18.9,
Chile,1989,,,17.1,
Chile,1990,,,16,72.9
Chile,1991,,,14.6,74
Chile,1992,,,14.3,74.5
Chile,1993,,,13.1,74.5
Chile,1994,,,12,75
Chile,1995,,,11.1,74.8
Chile,1996,,,11.1,75.2
Chile,1997,,,10,75.7
Chile,1998,,,10.3,75.8
Chile,1999,,,10.1,76
Chile,2000,7.035,589.21,8.9,76.8
Chile,2001,7.151,618.865,8.3,76.8
Chile,2002,7.266,653.681,7.8,77.2
Chile,2003,7.333,707.557,7.8,77.2
Chile,2004,6.901,767.547,8.4,77.2
Chile,2005,6.589,811.603,7.9,77.6
Chile,2006,6.035,960.406,7.6,78
Chile,2007,6.175,1061.561,8.3,77.5
Chile,2008,6.74,1130.149,7.8,78.1
Chile,2009,7.814,1310.905,7.9,78.2
Chile,2010,6.775,1254.092,7.4,78
Chile,2011,6.772,1355.345,7.7,78.7
Chile,2012,7.021,1485.173,7.4,78.7
Chile,2013,7.445,1656.262,7,79.5
Chile,2014,7.807,1751.892,7.2,79.7
Chile,2015,8.303,1837.686,6.9,79.9
China,1970,,,79.3,59.1
China,1971,,,75.7,60.3
China,1972,,,72.3,61.4
China,1973,,,68.8,62.3
China,1974,,,65.4,63.1
China,1975,,,62,63.9
China,1976,,,58.6,64.6
China,1977,,,55.4,65.3
China,1978,,,52.6,65.9
China,1979,,,50.1,66.4
China,1980,,,47.9,66.9
China,1981,,,46,67.3
China,1982,,,44.5,67.6
China,1983,,,43.4,68
China,1984,,,42.6,68.2
China,1985,,,42.2,68.5
China,1986,,,42.1,68.7
China,1987,,,42.1,68.9
China,1988,,,42.2,69.1
China,1989,,,42.2,69.2
China,1990,,,42.1,69.4
China,1991,,,41.7,69.5
China,1992,,,41.1,69.7
China,1993,,,40.1,69.8
China,1994,,,39,70
China,1995,,,37.7,70.3
China,1996,,,36.4,70.5
China,1997,,,34.9,70.8
China,1998,,,33.4,71.2
China,1999,,,31.8,71.6
China,2000,4.487,94.671,30.1,72
China,2001,4.235,100.256,28.2,72.5
China,2002,4.369,115.508,26.2,72.9
China,2003,4.409,132.308,24.1,73.3
China,2004,4.281,148.743,22.2,73.7
China,2005,4.184,169.945,20.3,74.1
China,2006,3.95,189.809,18.6,74.4
China,2007,3.68,212.374,17.1,74.6
China,2008,3.886,258.325,15.8,74.9
China,2009,4.339,314.292,14.6,75.1
China,2010,4.194,351.867,13.6,75.3
China,2011,4.309,415.95,12.6,75.5
China,2012,4.57,481.612,11.6,75.7
China,2013,4.742,541.019,10.8,75.8
China,2014,4.817,589.536,10,76
China,2015,4.982,640.583,9.2,76.2
Colombia,1970,,,70.4,60.9
Colombia,1971,,,68.1,61.3
Colombia,1972,,,65.9,61.6
Colombia,1973,,,63.5,62
Colombia,1974,,,61,62.4
Colombia,1975,,,58.4,62.8
Colombia,1976,,,55.6,63.3
Colombia,1977,,,52.8,63.8
Colombia,1978,,,50,64.4
Colombia,1979,,,47.2,65
Colombia,1980,,,44.6,65.5
Colombia,1981,,,42,66.1
Colombia,1982,,,39.7,66.6
Colombia,1983,,,37.6,67
Colombia,1984,,,35.7,67.4
Colombia,1985,,,34.1,67.7
Colombia,1986,,,32.7,67.9
Colombia,1987,,,31.5,68
Colombia,1988,,,30.5,68.1
Colombia,1989,,,29.7,68.3
Colombia,1990,,,38.4,68.4
Colombia,1991,,,36.1,68.6
Colombia,1992,,,34.1,68.7
Colombia,1993,,,32.5,69
Colombia,1994,,,31.4,69.2
Colombia,1995,,,30.3,69.5
Colombia,1996,,,29.1,69.8
Colombia,1997,,,28.1,70.2
Colombia,1998,,,27,70.5
Colombia,1999,,,26,70.8
Colombia,2000,5.871,322.014,25,71.1
Colombia,2001,5.919,332.977,24,71.4
Colombia,2002,5.669,329.158,23,71.6
Colombia,2003,5.868,364.979,22.1,71.9
Colombia,2004,5.316,359.623,21.3,72.1
Colombia,2005,5.581,412.785,20.4,72.4
Colombia,2006,5.828,476.218,20,72.6
Colombia,2007,5.815,513.964,19.6,72.8
Colombia,2008,6.091,574.319,19.2,73
Colombia,2009,6.432,604.727,18.8,73.2
Colombia,2010,6.276,627.383,18.4,73.4
Colombia,2011,5.813,651.933,17.8,73.5
Colombia,2012,5.671,670.004,17.5,73.7
Colombia,2013,7.497,933.366,17.2,73.9
Colombia,2014,7.203,936.053,17.2,74.1
Colombia,2015,7.363,951.651,17.1,74.2
Costa Rica,1970,,,61.5,66.5
Costa Rica,1971,,,57.7,67
Costa Rica,1972,,,52.3,67.5
Costa Rica,1973,,,47.1,68.1
Costa Rica,1974,,,42.7,68.6
Costa Rica,1975,,,38.1,69.2
Costa Rica,1976,,,33,69.8
Costa Rica,1977,,,28.1,70.4
Costa Rica,1978,,,24.1,71
Costa Rica,1979,,,21.4,71.6
Costa Rica,1980,,,19.8,72.2
Costa Rica,1981,,,19.2,72.8
Costa Rica,1982,,,19.2,73.3
Costa Rica,1983,,,19.4,73.8
Costa Rica,1984,,,19.5,74.2
Costa Rica,1985,,,19.2,74.5
Costa Rica,1986,,,18.3,74.8
Costa Rica,1987,,,17,75.1
Costa Rica,1988,,,15.8,75.3
Costa Rica,1989,,,14.9,75.5
Costa Rica,1990,,,14.3,75.7
Costa Rica,1991,,,14,75.9
Costa Rica,1992,,,13.7,76.1
Costa Rica,1993,,,13.5,76.3
Costa Rica,1994,,,13.2,76.4
Costa Rica,1995,,,13,76.6
Costa Rica,1996,,,12.8,76.8
Costa Rica,1997,,,12.7,77
Costa Rica,1998,,,12.3,77.2
Costa Rica,1999,,,11.8,77.3
Costa Rica,2000,6.593,490.272,11.2,77.5
Costa Rica,2001,6.5,497.176,10.5,77.6
Costa Rica,2002,6.9,547.758,10,77.8
Costa Rica,2003,7,589.986,10.1,77.9
Costa Rica,2004,6.659,597.78,9.3,78
Costa Rica,2005,6.695,631.851,9.8,78.1
Costa Rica,2006,6.97,727.44,9.7,78.3
Costa Rica,2007,7.033,813.71,10.1,78.4
Costa Rica,2008,7.515,914.626,9,78.5
Costa Rica,2009,7.907,953.045,8.8,78.7
Costa Rica,2010,8.113,1037.144,9.5,78.8
Costa Rica,2011,8.208,1111.038,9.1,79.1
Costa Rica,2012,7.909,1128.683,8.5,79.4
Costa Rica,2013,7.865,1136.607,8.7,79.6
Costa Rica,2014,7.88,1197.279,8.1,79.8
Costa Rica,2015,7.823,1254.069,7.7,79.9
Czechia,1970,,,20.2,69.6
Czechia,1971,,,20.2,69.8
Czechia,1972,,,19.5,70.3
Czechia,1973,,,19.5,70.2
Czechia,1974,,,19.3,70.2
Czechia,1975,,,19.4,70.6
Czechia,1976,,,19.1,70.7
Czechia,1977,,,18.7,70.8
Czechia,1978,,,17.1,70.9
Czechia,1979,,,15.8,70.9
Czechia,1980,,,16.9,70.5
Czechia,1981,,,15.4,70.8
Czechia,1982,,,15,70.9
Czechia,1983,,,14.5,70.8
Czechia,1984,,,14.1,71
Czechia,1985,,,12.5,71.2
Czechia,1986,,,12.3,71.1
Czechia,1987,,,12,71.6
Czechia,1988,,,11,71.8
Czechia,1989,,,10,71.9
Czechia,1990,3.736,492.039,10.8,71.6
Czechia,1991,3.872,439.408,10.4,72
Czechia,1992,3.995,463.679,9.9,72.5
Czechia,1993,5.351,659.727,8.5,72.9
Czechia,1994,5.513,726.668,7.9,73.2
Czechia,1995,5.736,811.849,7.7,73.3
Czechia,1996,5.62,861.559,6,74
Czechia,1997,5.631,871.358,5.9,74.1
Czechia,1998,5.62,889.615,5.2,74.7
Czechia,1999,5.796,951.854,4.6,74.9
Czechia,2000,5.718,1025.421,4.1,75.1
Czechia,2001,5.888,1159.721,4,75.3
Czechia,2002,6.199,1267.68,4.1,75.4
Czechia,2003,6.554,1393.838,3.9,75.3
Czechia,2004,6.385,1464.272,3.7,75.8
Czechia,2005,6.381,1523.395,3.4,76.1
Czechia,2006,6.196,1558.812,3.3,76.7
Czechia,2007,6.016,1659.91,3.1,77
Czechia,2008,6.36,1822.937,2.8,77.3
Czechia,2009,7.293,2053.78,2.9,77.4
Czechia,2010,6.928,2001.123,2.7,77.7
Czechia,2011,6.977,2041.899,2.7,78
Czechia,2012,7.028,2090.485,2.6,78.2
Czechia,2013,7.807,2448.529,2.5,78.3
Czechia,2014,7.653,2564.609,2.4,78.9
Czechia,2015,7.243,2545.511,2.5,78.7
Denmark,1970,,,14.2,73.3
Denmark,1971,7.677,337.659,13.5,73.3
Denmark,1972,7.768,369.007,12.2,73.4
Denmark,1973,7.585,396.65,11.5,73.6
Denmark,1974,8.291,458.3,10.7,74
Denmark,1975,8.536,508.279,10.4,74.2
Denmark,1976,8.441,559.1,10.2,73.9
Denmark,1977,8.259,590.746,8.7,74.9
Denmark,1978,8.377,659.152,8.8,74.6
Denmark,1979,8.474,738.319,8.8,74.4
Denmark,1980,8.416,796.25,8.4,74.3
Denmark,1981,8.575,870.677,7.9,74.4
Denmark,1982,8.624,955.105,8.2,74.7
Denmark,1983,8.418,1002.341,7.7,74.6
Denmark,1984,7.97,1024.232,7.7,74.8
Denmark,1985,7.947,1105.487,7.9,74.6
Denmark,1986,7.734,1166.372,8.2,74.8
Denmark,1987,8.054,1249.812,8.3,74.9
Denmark,1988,8.191,1311.97,7.6,75
Denmark,1989,8.061,1357.823,8,75
Denmark,1990,8.038,1439.996,7.5,74.9
Denmark,1991,7.94,1482.461,7.3,75.3
Denmark,1992,7.956,1552.733,6.6,75.3
Denmark,1993,8.289,1645.157,5.4,75.2
Denmark,1994,8.077,1706.708,5.5,75.5
Denmark,1995,7.771,1713.22,5.1,75.3
Denmark,1996,7.839,1812.689,5.6,75.7
Denmark,1997,7.75,1889.861,5.2,76.1
Denmark,1998,7.552,1913.351,4.7,76.5
Denmark,1999,8.342,2181.669,4.2,76.6
Denmark,2000,8.104,2344.337,5.3,76.9
Denmark,2001,8.448,2471.193,4.9,77
Denmark,2002,8.703,2711.668,4.4,77.1
Denmark,2003,8.904,2723.136,4.4,77.4
Denmark,2004,9.007,2921.07,4.4,77.8
Denmark,2005,9.091,3014.982,4.4,78.3
Denmark,2006,9.169,3286.325,3.5,78.4
Denmark,2007,9.325,3561.843,4,78.4
Denmark,2008,9.511,3777.707,4,78.8
Denmark,2009,10.674,4025.963,3.1,79
Denmark,2010,10.333,4160.049,3.4,79.3
Denmark,2011,10.153,4169.775,3.5,79.9
Denmark,2012,10.241,4315.127,3.4,80.1
Denmark,2013,10.17,4455.751,3.5,80.4
Denmark,2014,10.172,4536.239,4,80.8
Denmark,2015,10.227,4674.496,3.7,80.8
Estonia,1970,,,17.7,70
Estonia,1971,,,17.5,70.3
Estonia,1972,,,15.9,70.1
Estonia,1973,,,15.9,70.4
Estonia,1974,,,17.6,70.5
Estonia,1975,,,18.2,69.9
Estonia,1976,,,17.5,69.5
Estonia,1977,,,17.5,69.6
Estonia,1978,,,16.5,69.4
Estonia,1979,,,18.3,69.2
Estonia,1980,,,17.1,69.3
Estonia,1981,,,17,69.1
Estonia,1982,,,17.2,69.7
Estonia,1983,,,16.1,69.6
Estonia,1984,,,13.6,69.5
Estonia,1985,,,14.1,69.6
Estonia,1986,,,16,70.7
Estonia,1987,,,16,70.7
Estonia,1988,,,12.5,70.8
Estonia,1989,,,14.8,70.3
Estonia,1990,,,12.3,69.8
Estonia,1991,,,13.3,69.7
Estonia,1992,,,15.7,69.1
Estonia,1993,,,15.6,68.2
Estonia,1994,,,14.4,66.8
Estonia,1995,,,14.9,67.9
Estonia,1996,,,10.5,69.9
Estonia,1997,,,10,70.1
Estonia,1998,,,9.4,69.7
Estonia,1999,5.704,510.2,9.6,70.6
Estonia,2000,5.165,542.703,8.4,71
Estonia,2001,4.788,544.97,8.8,70.9
Estonia,2002,4.733,624.72,5.7,71.4
Estonia,2003,4.881,700.304,7,71.8
Estonia,2004,5.156,814.227,6.4,72.4
Estonia,2005,5.091,888.889,5.4,72.9
Estonia,2006,4.779,945.389,4.4,73.1
Estonia,2007,5.03,1137.476,5,73.2
Estonia,2008,5.752,1291.739,5,74.2
Estonia,2009,6.543,1310.758,3.6,75.2
Estonia,2010,6.334,1362.93,3.3,75.9
Estonia,2011,5.823,1403.665,2.5,76.4
Estonia,2012,5.827,1515.085,3.6,76.5
Estonia,2013,6.01,1636.092,2.1,77.3
Estonia,2014,6.117,1752.164,2.7,77.2
Estonia,2015,6.386,1868.235,2.5,77.7
Finland,1970,4.986,152.312,13.2,70.8
Finland,1971,5.286,173.517,12.7,70.1
Finland,1972,5.381,195.539,12,70.7
Finland,1973,5.231,215.931,10.6,71.2
Finland,1974,5.168,245.508,11,71.2
Finland,1975,5.65,286.592,9.6,71.7
Finland,1976,5.988,322.516,9.8,72
Finland,1977,6.192,351.318,9,72.4
Finland,1978,6.131,381.651,7.5,73
Finland,1979,5.985,435.527,7.6,73.2
Finland,1980,5.912,494.371,7.6,73.6
Finland,1981,6.036,555.534,6.5,73.9
Finland,1982,6.129,610.339,6,74.6
Finland,1983,6.217,660.891,6.2,74.4
Finland,1984,6.261,716.879,6.5,74.8
Finland,1985,6.654,807.335,6.3,74.5
Finland,1986,6.753,864.603,5.8,74.8
Finland,1987,6.893,947.648,6.2,74.8
Finland,1988,6.7,1029.718,6,74.8
Finland,1989,6.74,1134.938,6.1,75
Finland,1990,7.248,1262.239,5.6,75
Finland,1991,8.314,1349.651,5.8,75.5
Finland,1992,8.514,1333.262,5.2,75.7
Finland,1993,7.829,1225.412,4.4,75.8
Finland,1994,7.283,1217.112,4.7,76.6
Finland,1995,7.354,1344.759,3.9,76.6
Finland,1996,7.476,1417.136,4,76.9
Finland,1997,7.132,1473.861,3.9,77.1
Finland,1998,6.823,1523.296,4.2,77.3
Finland,1999,6.798,1609.61,3.6,77.5
Finland,2000,6.837,1805.636,3.8,77.7
Finland,2001,6.985,1906.259,3.2,78.2
Finland,2002,7.359,2120.831,3,78.3
Finland,2003,7.663,2195.547,3.1,78.5
Finland,2004,7.791,2392.344,3.3,79
Finland,2005,7.998,2478.922,3,79.1
Finland,2006,8.005,2653.077,2.8,79.5
Finland,2007,7.826,2900.606,2.7,79.6
Finland,2008,8.084,3134.105,2.6,79.9
Finland,2009,8.872,3172.93,2.6,80.1
Finland,2010,8.869,3305.047,2.3,80.2
Finland,2011,8.949,3471.445,2.4,80.6
Finland,2012,9.291,3647.095,2.4,80.7
Finland,2013,9.492,3789.232,1.8,81.1
Finland,2014,9.48,3807.597,2.2,81.3
Finland,2015,9.704,3990.642,1.7,81.6
France,1970,5.201,191.941,18.2,72.2
France,1971,,,17.2,72.1
France,1972,,,16.1,72.4
France,1973,,,15.5,72.5
France,1974,,,14.7,72.8
France,1975,6.156,363.229,13.8,73
France,1976,,,12.5,73.2
France,1977,,,11.4,73.8
France,1978,,,10.7,73.9
France,1979,,,10,74.2
France,1980,6.759,659.134,10,74.3
France,1981,,,9.7,74.5
France,1982,,,9.5,74.8
France,1983,,,9.1,74.8
France,1984,,,8.3,75.3
France,1985,7.671,1000.094,8.3,75.4
France,1986,,,8,75.7
France,1987,,,7.8,76.3
France,1988,,,7.8,76.6
France,1989,,,7.5,76.7
France,1990,7.997,1457.583,7.3,77
France,1991,8.221,1556.393,7.3,77.2
France,1992,8.446,1649.401,6.8,77.5
France,1993,8.857,1751.637,6.5,77.6
France,1994,8.841,1815.125,5.9,78
France,1995,9.884,2098.703,4.9,78.1
France,1996,9.886,2167.883,4.8,78.3
France,1997,9.761,2234.441,4.7,78.6
France,1998,9.659,2320.92,4.6,78.8
France,1999,9.66,2431.303,4.3,78.9
France,2000,9.584,2685.952,4.4,79.2
France,2001,9.706,2873.986,4.5,79.3
France,2002,10.022,3152.016,4.1,79.4
France,2003,10.083,3056.294,4,79.3
France,2004,10.164,3171.408,3.9,80.3
France,2005,10.215,3264.574,3.6,80.4
France,2006,10.398,3445.781,3.6,81
France,2007,10.335,3593.566,3.6,81.2
France,2008,10.514,3733.89,3.6,81.4
France,2009,11.301,3894.952,3.7,81.5
France,2010,11.239,4048.235,3.5,81.8
France,2011,11.203,4168.429,3.3,82.3
France,2012,11.315,4306.314,3.3,82.1
France,2013,11.436,4557.343,3.6,82.3
France,2014,11.571,4641.508,3.5,82.8
France,2015,11.459,4675.804,3.7,82.4
Germany,1970,5.713,265.763,23.6,70.6
Germany,1971,6.185,312.431,23.3,70.8
Germany,1972,6.509,351.213,22.7,71
Germany,1973,6.828,399.5,22.9,71.3
Germany,1974,7.353,470.885,21.1,71.5
Germany,1975,8.017,553.097,19.8,71.4
Germany,1976,8.038,613.808,17.4,71.8
Germany,1977,7.971,672.326,15.5,72.5
Germany,1978,8.046,757.45,14.7,72.4
Germany,1979,7.899,832.786,13.5,72.8
Germany,1980,8.098,944.671,12.6,72.9
Germany,1981,8.397,1055.502,11.6,73.2
Germany,1982,8.228,1085.587,10.9,73.5
Germany,1983,8.22,1147.401,10.3,73.8
Germany,1984,8.336,1242.693,9.6,74.3
Germany,1985,8.481,1348.149,8.9,74.9
Germany,1986,8.376,1440.479,8.6,75.1
Germany,1987,8.48,1538.11,8.3,75.6
Germany,1988,8.66,1679.934,7.5,75.8
Germany,1989,8.063,1661.104,7.4,75.9
Germany,1990,8.031,1795.801,7,77.2
Germany,1991,,,6.9,75.5
Germany,1992,9.025,2012.423,6.2,76
Germany,1993,8.993,2036.684,5.8,76.1
Germany,1994,9.227,2183.925,5.6,76.4
Germany,1995,9.5,2344.445,5.3,76.6
Germany,1996,9.791,2476.023,5,76.9
Germany,1997,9.676,2490.868,4.9,77.3
Germany,1998,9.698,2561.472,4.7,77.7
Germany,1999,9.767,2693.965,4.5,77.9
Germany,2000,9.837,2889.03,4.4,78.2
Germany,2001,9.872,3003.452,4.3,78.5
Germany,2002,10.117,3234.863,4.2,78.5
Germany,2003,10.338,3321.504,4.2,78.6
Germany,2004,10.08,3382.115,4.1,79.2
Germany,2005,10.228,3420.725,3.9,79.4
Germany,2006,10.117,3553.953,3.8,79.8
Germany,2007,9.971,3739.94,3.9,80.1
Germany,2008,10.157,3942.379,3.5,80.2
Germany,2009,11.14,4156.628,3.5,80.3
Germany,2010,11.005,4411.936,3.4,80.5
Germany,2011,10.721,4558.247,3.6,80.5
Germany,2012,10.777,4734.286,3.3,80.6
Germany,2013,10.932,4947.77,3.3,80.6
Germany,2014,10.96,5142.385,3.2,81.2
Germany,2015,11.088,5291.281,3.3,80.7
Greece,1970,,,29.6,73.8
Greece,1971,,,26.9,74.2
Greece,1972,,,27.3,73.8
Greece,1973,,,24.1,74.1
Greece,1974,,,23.9,74.6
Greece,1975,,,24,74.5
Greece,1976,,,22.5,74.5
Greece,1977,,,20.4,74.7
Greece,1978,,,19.3,75.2
Greece,1979,,,18.7,75.5
Greece,1980,,,17.9,75.3
Greece,1981,,,16.3,75.7
Greece,1982,,,15.1,75.9
Greece,1983,,,14.6,75.7
Greece,1984,,,14.3,76.2
Greece,1985,,,14.1,76
Greece,1986,,,12.2,76.5
Greece,1987,,,11.7,76.3
Greece,1988,5.484,616.577,11,76.8
Greece,1989,6.013,735.447,9.7,77
Greece,1990,6.07,772.846,9.7,77.1
Greece,1991,5.923,795.256,9,77.3
Greece,1992,6.48,886.769,8.4,77.2
Greece,1993,7.271,1000.426,8.5,77.6
Greece,1994,7.978,1139.4,7.9,77.8
Greece,1995,7.974,1190.171,8.1,77.8
Greece,1996,7.878,1233.149,7.2,78
Greece,1997,7.694,1287.856,6.4,78.4
Greece,1998,7.578,1327.974,6.7,78.4
Greece,1999,7.762,1390.316,6.2,78.5
Greece,2000,7.243,1417.584,5.9,78.6
Greece,2001,7.988,1700.156,5.1,79.1
Greece,2002,8.234,1951.129,5.1,79.2
Greece,2003,8.198,1987.828,4,79.3
Greece,2004,7.932,2059.141,4.1,79.4
Greece,2005,8.997,2304.217,3.8,79.7
Greece,2006,8.965,2497.936,3.7,79.9
Greece,2007,9.06,2615.834,3.5,79.7
Greece,2008,9.383,2833.262,2.7,80.3
Greece,2009,9.468,2760.222,3.1,80.4
Greece,2010,9.56,2617.679,3.8,80.7
Greece,2011,9.098,2307.347,3.4,80.8
Greece,2012,8.883,2167.653,2.9,80.7
Greece,2013,8.415,2091.001,3.7,81.4
Greece,2014,7.95,2042.262,3.7,81.5
Greece,2015,8.09,2100.338,4,81.1
Hungary,1970,,,35.9,69.2
Hungary,1971,,,35.1,69.1
Hungary,1972,,,33.2,69.8
Hungary,1973,,,33.8,69.6
Hungary,1974,,,34.3,69.3
Hungary,1975,,,32.8,69.4
Hungary,1976,,,29.8,69.7
Hungary,1977,,,26.2,70
Hungary,1978,,,24.4,69.5
Hungary,1979,,,24,69.7
Hungary,1980,,,23.2,69.2
Hungary,1981,,,20.8,69.3
Hungary,1982,,,20,69.5
Hungary,1983,,,19,69.1
Hungary,1984,,,20.4,69.2
Hungary,1985,,,20.4,69.2
Hungary,1986,,,19,69.3
Hungary,1987,,,17.3,69.8
Hungary,1988,,,15.8,70.2
Hungary,1989,,,15.7,69.6
Hungary,1990,,,14.8,69.5
Hungary,1991,6.358,592.383,15.6,69.6
Hungary,1992,6.846,629.928,14.1,69.4
Hungary,1993,6.911,650.577,12.5,69.4
Hungary,1994,7.386,730.82,11.5,69.8
Hungary,1995,6.726,688.424,10.7,70.1
Hungary,1996,6.642,694.154,10.9,70.7
Hungary,1997,6.305,698.693,9.9,71.1
Hungary,1998,6.667,768.503,9.7,71.1
Hungary,1999,6.871,823.236,8.4,71.2
Hungary,2000,6.765,906.357,9.2,71.9
Hungary,2001,6.817,995.579,8.1,72.5
Hungary,2002,7.11,1167.234,7.2,72.5
Hungary,2003,8.117,1364.876,7.3,72.6
Hungary,2004,7.762,1381.682,6.6,73
Hungary,2005,7.997,1463.525,6.2,73
Hungary,2006,7.806,1510.113,5.7,73.5
Hungary,2007,7.221,1429.546,5.9,73.6
Hungary,2008,7.103,1492.593,5.6,74.2
Hungary,2009,7.249,1496.238,5.1,74.4
Hungary,2010,7.52,1665.516,5.3,74.7
Hungary,2011,7.543,1755.527,4.9,75
Hungary,2012,7.466,1766.535,4.9,75.2
Hungary,2013,7.259,1821.58,5,75.7
Hungary,2014,7.095,1863.754,4.5,75.9
Hungary,2015,6.971,1891.727,4.2,75.7
Iceland,1970,4.653,165.838,13.2,74
Iceland,1971,5.085,221.614,12.9,73.7
Iceland,1972,4.985,243.133,11.3,74.5
Iceland,1973,4.568,257.633,9.6,74.6
Iceland,1974,5.215,337.961,11.7,74.6
Iceland,1975,5.633,358.729,12.5,75.7
Iceland,1976,5.286,380.889,7.7,77.1
Iceland,1977,5.233,451.408,9.5,76.5
Iceland,1978,5.63,557.31,11.3,76.7
Iceland,1979,6.363,685.885,5.4,
Iceland,1980,5.893,721.053,7.7,77
Iceland,1981,6.021,821.665,6,76.6
Iceland,1982,6.307,924.302,7.1,77.1
Iceland,1983,6.916,983.235,6.2,77
Iceland,1984,6.519,961.913,6.1,77.7
Iceland,1985,6.751,1045.159,5.7,77.7
Iceland,1986,7.205,1246.871,5.3,78.1
Iceland,1987,7.38,1470.485,7.3,77.4
Iceland,1988,7.961,1595.692,6.2,77.2
Iceland,1989,7.784,1555.688,5.5,78.2
Iceland,1990,7.433,1573.526,5.9,78.1
Iceland,1991,7.61,1660.831,5.5,78.1
Iceland,1992,7.812,1663.896,4.8,78.8
Iceland,1993,7.9,1696.032,4.8,79
Iceland,1994,7.725,1749.746,3.4,79.3
Iceland,1995,7.849,1808.776,6.1,78.1
Iceland,1996,7.899,1885.169,3.7,78.9
Iceland,1997,7.753,2017.173,5.5,79
Iceland,1998,8.473,2333.388,2.6,79.7
Iceland,1999,8.859,2575.561,2.4,79.4
Iceland,2000,8.951,2666.345,3,79.7
Iceland,2001,8.817,2760.123,2.7,80.8
Iceland,2002,9.49,3077.186,2.2,80.6
Iceland,2003,9.978,3182.005,2.4,81
Iceland,2004,9.464,3312.748,2.8,81.1
Iceland,2005,9.147,3346.131,2.3,81.6
Iceland,2006,8.83,3449.169,1.4,81.2
Iceland,2007,8.632,3653.805,2,81.5
Iceland,2008,8.587,3682.94,2.5,81.7
Iceland,2009,8.868,3528.951,1.8,81.8
Iceland,2010,8.532,3313.144,2.2,82
Iceland,2011,8.251,3318.185,0.9,82.4
Iceland,2012,8.195,3398.479,1.1,83
Iceland,2013,8.221,3497.722,1.8,82.1
Iceland,2014,8.279,3599.475,2.1,82.9
Iceland,2015,8.131,3735.245,2.2,82.5
India,1970,,,142.3,47.7
India,1971,,,140.3,48.4
India,1972,,,138.1,49.1
India,1973,,,135.9,49.7
India,1974,,,133.3,50.4
India,1975,,,130.5,51
India,1976,,,127.4,51.7
India,1977,,,124.2,52.3
India,1978,,,120.7,52.8
India,1979,,,117.5,53.4
India,1980,,,114.3,53.9
India,1981,,,111.2,54.3
India,1982,,,108.4,54.7
India,1983,,,105.7,55.1
India,1984,,,103.1,55.5
India,1985,,,100.7,55.8
India,1986,,,98.2,56.2
India,1987,,,95.7,56.6
India,1988,,,93.3,57
India,1989,,,90.8,57.5
India,1990,,,88.5,57.9
India,1991,,,86.3,58.4
India,1992,,,84.1,58.9
India,1993,,,82.1,59.4
India,1994,,,80,60
India,1995,,,77.9,60.4
India,1996,,,75.8,60.9
India,1997,,,73.5,61.4
India,1998,,,71.2,61.8
India,1999,,,69,62.2
India,2000,4.161,85.723,66.7,62.6
India,2001,4.396,95.503,64.4,63
India,2002,4.373,97.851,62.2,63.4
India,2003,4.134,100.422,60,63.8
India,2004,4.081,110.135,57.8,64.2
India,2005,3.91,117.333,55.7,64.6
India,2006,3.749,125.255,53.7,65
India,2007,3.628,134.06,51.6,65.4
India,2008,3.625,142.809,49.5,65.8
India,2009,3.594,144.37,47.4,66.3
India,2010,3.375,145.807,45.3,66.7
India,2011,3.246,151.846,43.2,67.1
India,2012,3.329,163.437,41.1,67.4
India,2013,3.749,187.918,39.1,67.8
India,2014,3.62,189.57,37.2,68.1
India,2015,3.561,194.207,35.3,68.4
Indonesia,1970,,,112.7,54.6
Indonesia,1971,,,109.4,55.1
Indonesia,1972,,,106.2,55.7
Indonesia,1973,,,103.1,56.2
Indonesia,1974,,,100.1,56.7
Indonesia,1975,,,97.2,57.3
Indonesia,1976,,,94.5,57.8
Indonesia,1977,,,92,58.3
Indonesia,1978,,,89.5,58.7
Indonesia,1979,,,87.2,59.2
Indonesia,1980,,,84.9,59.6
Indonesia,1981,,,82.6,60.1
Indonesia,1982,,,80.3,60.5
Indonesia,1983,,,78,60.9
Indonesia,1984,,,75.8,61.2
Indonesia,1985,,,73.5,61.6
Indonesia,1986,,,71.2,61.9
Indonesia,1987,,,68.9,62.3
Indonesia,1988,,,66.6,62.6
Indonesia,1989,,,64.2,62.9
Indonesia,1990,,,61.8,63.3
Indonesia,1991,,,59.4,63.7
Indonesia,1992,,,57,64
Indonesia,1993,,,54.7,64.4
Indonesia,1994,,,52.6,64.7
Indonesia,1995,,,50.4,65
Indonesia,1996,,,48.4,65.3
Indonesia,1997,,,46.4,65.6
Indonesia,1998,,,44.5,65.9
Indonesia,1999,,,42.6,66.1
Indonesia,2000,1.904,61.298,40.9,66.3
Indonesia,2001,2.171,75.286,39.3,66.5
Indonesia,2002,2.043,70.206,37.7,66.7
Indonesia,2003,2.288,82.077,36.2,66.8
Indonesia,2004,2.159,84.33,36,67
Indonesia,2005,2.569,111.931,33.5,67.2
Indonesia,2006,2.656,125.408,32.2,67.4
Indonesia,2007,2.859,152.294,30.9,67.6
Indonesia,2008,2.613,162.04,29.8,67.8
Indonesia,2009,2.685,174.102,28.6,68
Indonesia,2010,2.961,212.676,27.5,68.2
Indonesia,2011,2.955,233.749,26.4,68.4
Indonesia,2012,2.903,243.762,25.4,68.6
Indonesia,2013,2.961,259.073,24.5,68.7
Indonesia,2014,3.117,284.636,23.7,68.9
Indonesia,2015,3.005,278.063,22.9,69.1
Ireland,1970,4.907,115.711,19.5,71.2
Ireland,1971,5.816,148.165,18,
Ireland,1972,5.883,168.611,18,
Ireland,1973,6.018,193.709,18,
Ireland,1974,6.505,216.757,17.8,
Ireland,1975,6.593,251.949,17.5,
Ireland,1976,6.436,261.347,15.5,
Ireland,1977,6.134,281.075,15.5,
Ireland,1978,6.459,342.283,14.9,71.5
Ireland,1979,6.796,394.599,12.8,72.3
Ireland,1980,7.497,474.988,11.1,72.9
Ireland,1981,7.092,491.11,10.3,72.9
Ireland,1982,6.948,516.105,10.5,72.9
Ireland,1983,6.973,542.072,10.1,
Ireland,1984,6.815,565.933,9.6,
Ireland,1985,6.832,605.931,8.8,73.4
Ireland,1986,6.739,619.669,8.9,73.6
Ireland,1987,6.444,638.84,7.9,74.5
Ireland,1988,6.132,663.248,8.9,74.5
Ireland,1989,5.756,700.308,8.1,74.5
Ireland,1990,5.608,751.241,8.2,74.9
Ireland,1991,6.059,838.823,7.6,75.1
Ireland,1992,6.32,918.45,6.5,75.5
Ireland,1993,6.369,991.721,6.1,75.3
Ireland,1994,6.268,1039.747,5.7,75.9
Ireland,1995,6.1,1129.311,6.4,75.6
Ireland,1996,5.925,1184.864,6,75.9
Ireland,1997,5.845,1287.25,6.1,76.1
Ireland,1998,5.637,1394.997,5.9,76.3
Ireland,1999,5.59,1498.298,5.9,76.2
Ireland,2000,5.905,1828.715,6.2,76.6
Ireland,2001,6.399,2133.39,5.7,77.2
Ireland,2002,6.675,2418.861,5,77.7
Ireland,2003,7.009,2578.828,5.3,78.2
Ireland,2004,7.225,2805.237,4.6,78.6
Ireland,2005,7.648,3093.376,3.8,79
Ireland,2006,7.513,3202.393,3.9,79.3
Ireland,2007,7.802,3383.04,3.2,79.7
Ireland,2008,9.102,3643.273,3.4,80.2
Ireland,2009,10.487,3864.534,3.3,80.3
Ireland,2010,10.503,4049.297,3.6,80.8
Ireland,2011,10.689,4206.865,3.5,80.8
Ireland,2012,10.681,4373.285,3.5,80.9
Ireland,2013,10.285,4302.337,3.6,81
Ireland,2014,9.652,4251.482,3.3,81.4
Ireland,2015,7.336,4301.85,3.4,81.5
Israel,1970,,,24.2,
Israel,1971,,,23,71.8
Israel,1972,,,24.2,71.5
Israel,1973,,,22.8,71.7
Israel,1974,,,23.5,71.7
Israel,1975,4.455,,22.9,72.1
Israel,1976,5.112,,20.1,73
Israel,1977,5.765,,17.8,73
Israel,1978,6.331,,17.2,73.3
Israel,1979,6.871,,16.6,73.6
Israel,1980,6.964,,15.6,73.9
Israel,1981,6.752,,15.7,74.3
Israel,1982,6.806,,14.1,74.2
Israel,1983,7.278,,13.7,74.5
Israel,1984,8.808,,12.8,74.9
Israel,1985,6.561,,11.9,75.3
Israel,1986,6.11,,11.4,75
Israel,1987,6.206,,11.1,75.3
Israel,1988,6.446,,10.1,75.7
Israel,1989,6.919,,10.1,76.4
Israel,1990,6.506,,9.9,76.7
Israel,1991,6.204,,9.2,76.8
Israel,1992,6.465,,9.4,76.6
Israel,1993,6.635,,7.8,77.2
Israel,1994,7.11,,7.5,77.5
Israel,1995,6.924,1180.603,6.8,77.5
Israel,1996,7.014,1255.309,6.3,78.2
Israel,1997,7.148,1342.847,6.4,78.1
Israel,1998,7.091,1382.958,5.9,78.2
Israel,1999,6.795,1369.363,5.8,78.5
Israel,2000,6.807,1550.072,5.5,78.8
Israel,2001,7.231,1651.478,5.1,79.3
Israel,2002,7.152,1691.491,5.4,79.5
Israel,2003,7.098,1633.768,4.9,79.7
Israel,2004,7.033,1708.173,4.6,80.2
Israel,2005,7.13,1756.34,4.4,80.2
Israel,2006,6.914,1746.907,4,80.6
Israel,2007,6.894,1854.384,3.9,80.6
Israel,2008,6.973,1844.723,3.8,81
Israel,2009,7.067,1915.544,3.8,81.5
Israel,2010,7.025,1975.257,3.7,81.7
Israel,2011,6.972,2081.778,3.5,81.7
Israel,2012,7.108,2223.345,3.6,81.8
Israel,2013,7.073,2238.455,3.1,82.1
Israel,2014,7.143,2237.462,3.1,82.2
Israel,2015,7.087,2309.13,3.1,82.1
Italy,1970,,,29.6,
Italy,1971,,,28.5,72
Italy,1972,,,27,
Italy,1973,,,26.2,
Italy,1974,,,22.9,72.6
Italy,1975,,,21.2,72.7
Italy,1976,,,19.5,72.8
Italy,1977,,,18.1,73.4
Italy,1978,,,17.1,73.8
Italy,1979,,,15.7,74.1
Italy,1980,,,14.6,74
Italy,1981,,,14.1,74.3
Italy,1982,,,13,74.7
Italy,1983,,,12.3,74.8
Italy,1984,,,11.4,75
Italy,1985,,,10.5,75.6
Italy,1986,,,10.2,75.9
Italy,1987,,,9.8,76.3
Italy,1988,6.67,1051.676,9.3,76.5
Italy,1989,6.657,1121.366,8.7,76.9
Italy,1990,7.015,1272.681,8.1,77.1
Italy,1991,7.25,1386.01,8,77.1
Italy,1992,7.118,1402.149,7.8,77.5
Italy,1993,7.088,1396.788,7,77.8
Italy,1994,6.934,1411.522,6.4,78
Italy,1995,6.871,1463.277,6.1,78.3
Italy,1996,6.964,1527.799,6,78.6
Italy,1997,7.224,1650.202,5.5,78.9
Italy,1998,7.268,1735.876,5.1,79.1
Italy,1999,7.336,1802.03,4.9,79.5
Italy,2000,7.58,2029.341,4.3,79.9
Italy,2001,7.769,2150.75,4.4,80.2
Italy,2002,7.893,2292.714,4.1,80.3
Italy,2003,7.855,2289.37,3.8,80.1
Italy,2004,8.188,2451.404,3.4,80.9
Italy,2005,8.361,2504.099,3.3,80.9
Italy,2006,8.46,2660.154,3.2,81.4
Italy,2007,8.163,2694.693,3.1,81.5
Italy,2008,8.562,2932.455,3.1,81.6
Italy,2009,8.977,2944.668,3.2,81.7
Italy,2010,8.954,3103.169,3,82.1
Italy,2011,8.835,3098.256,2.9,82.3
Italy,2012,8.956,3110.555,2.9,82.3
Italy,2013,8.952,3088.556,2.9,82.8
Italy,2014,9.011,3075.431,2.8,83.2
Italy,2015,8.988,3129.27,2.9,82.6
Japan,1970,4.362,149.871,13.1,72
Japan,1971,4.474,163.236,12.4,72.9
Japan,1972,4.58,184.692,11.7,73.2
Japan,1973,4.459,205.003,11.3,73.4
Japan,1974,4.895,241.106,10.8,73.7
Japan,1975,5.413,283.198,10,74.3
Japan,1976,5.413,302.58,9.3,74.8
Japan,1977,5.549,339.345,8.9,75.3
Japan,1978,5.736,391.098,8.4,75.7
Japan,1979,5.857,451.225,7.9,76.2
Japan,1980,6.247,533.001,7.5,76.1
Japan,1981,6.33,601.69,7.1,76.5
Japan,1982,6.479,662.273,6.6,76.9
Japan,1983,6.549,712.164,6.2,77
Japan,1984,6.368,743.171,6,77.4
Japan,1985,6.481,815.299,5.5,77.6
Japan,1986,6.414,856.616,5.2,78.1
Japan,1987,6.388,913.245,5,78.5
Japan,1988,6.105,965.596,4.8,78.4
Japan,1989,5.896,1017.396,4.6,78.8
Japan,1990,5.757,1084.853,4.6,78.9
Japan,1991,5.774,1162.031,4.4,79.1
Japan,1992,6.025,1248.688,4.5,79.2
Japan,1993,6.332,1327.188,4.3,79.4
Japan,1994,6.584,1414.913,4.2,79.8
Japan,1995,6.282,1408.389,4.3,79.6
Japan,1996,6.124,1432.447,3.8,80.3
Japan,1997,6.4,1526.474,3.7,80.5
Japan,1998,6.615,1569.295,3.6,80.6
Japan,1999,6.976,1667.922,3.4,80.5
Japan,2000,7.151,1850.833,3.2,81.2
Japan,2001,7.359,1942.812,3.1,81.5
Japan,2002,7.473,2065.133,3,81.8
Japan,2003,7.611,2196.742,3,81.8
Japan,2004,7.657,2306.004,2.8,82.1
Japan,2005,7.781,2471.186,2.8,82
Japan,2006,7.808,2559.458,2.6,82.4
Japan,2007,7.89,2688.702,2.6,82.6
Japan,2008,8.2,2799.198,2.6,82.7
Japan,2009,9.058,2974.458,2.4,83
Japan,2010,9.157,3169.521,2.3,82.9
Japan,2011,10.617,3740.756,2.3,82.7
Japan,2012,10.791,3970.765,2.2,83.2
Japan,2013,10.792,4308.252,2.1,83.4
Japan,2014,10.832,4328.364,2.1,83.7
Japan,2015,10.886,4516.862,1.9,83.9
"Korea, Republic of",1970,2.577,19.14,45,62.3
"Korea, Republic of",1971,2.238,18.221,,62.7
"Korea, Republic of",1972,2.04,18.405,,63.1
"Korea, Republic of",1973,1.749,18.959,,63.5
"Korea, Republic of",1974,1.521,18.952,,63.9
"Korea, Republic of",1975,2.306,31.701,,64.3
"Korea, Republic of",1976,2.332,38.091,,64.6
"Korea, Republic of",1977,2.214,41.997,,65
"Korea, Republic of",1978,2.405,53.492,,65.3
"Korea, Republic of",1979,3.134,80.695,,65.6
"Korea, Republic of",1980,3.458,92.265,,66.1
"Korea, Republic of",1981,3.597,108.244,17,66.7
"Korea, Republic of",1982,3.556,120.998,,67.2
"Korea, Republic of",1983,3.449,137.597,,67.7
"Korea, Republic of",1984,3.279,149.098,16,68.3
"Korea, Republic of",1985,3.316,166.138,13,68.9
"Korea, Republic of",1986,3.192,184.265,,69.5
"Korea, Republic of",1987,3.109,207.667,13,70.1
"Korea, Republic of",1988,3.245,251.237,,70.7
"Korea, Republic of",1989,3.732,317.321,12,71.2
"Korea, Republic of",1990,3.68,356.718,,71.7
"Korea, Republic of",1991,3.52,378.777,10,72.2
"Korea, Republic of",1992,3.644,419.468,,72.6
"Korea, Republic of",1993,3.558,442.658,9.9,73.1
"Korea, Republic of",1994,3.434,464.869,,73.5
"Korea, Republic of",1995,3.441,515.493,,73.8
"Korea, Republic of",1996,3.625,575.564,7.7,74.2
"Korea, Republic of",1997,3.608,599.514,,74.7
"Korea, Republic of",1998,3.743,580.454,,75.1
"Korea, Republic of",1999,3.943,662.546,6.2,75.5
"Korea, Republic of",2000,3.999,725.774,,76
"Korea, Republic of",2001,4.575,865.343,,76.5
"Korea, Republic of",2002,4.315,891.616,5.3,76.8
"Korea, Republic of",2003,4.597,979.607,,77.3
"Korea, Republic of",2004,4.58,1038.98,,77.8
"Korea, Republic of",2005,4.837,1141.741,4.7,78.2
"Korea, Republic of",2006,5.18,1286.216,4.1,78.8
"Korea, Republic of",2007,5.376,1442.659,3.5,79.2
"Korea, Republic of",2008,5.676,1565.436,3.4,79.6
"Korea, Republic of",2009,6.09,1696.945,3.2,80
"Korea, Republic of",2010,6.222,1889.883,3.2,80.2
"Korea, Republic of",2011,6.294,1976.809,3,80.6
"Korea, Republic of",2012,6.437,2079.906,2.9,80.9
"Korea, Republic of",2013,6.579,2134.998,3,81.4
"Korea, Republic of",2014,6.821,2235.716,3,81.8
"Korea, Republic of",2015,7.045,2488.016,2.7,82.1
Latvia,1970,,,17.7,
Latvia,1971,,,15.9,
Latvia,1972,,,16,
Latvia,1973,,,15.8,
Latvia,1974,,,18.4,
Latvia,1975,,,20.3,
Latvia,1976,,,20.1,
Latvia,1977,,,18.3,
Latvia,1978,,,18.1,
Latvia,1979,,,18.3,
Latvia,1980,,,15.3,
Latvia,1981,,,16,
Latvia,1982,,,13.9,
Latvia,1983,,,15.9,
Latvia,1984,,,12.9,
Latvia,1985,,,13,
Latvia,1986,,,12.8,
Latvia,1987,,,11.3,
Latvia,1988,,,11,
Latvia,1989,,,11.3,
Latvia,1990,,,13.7,
Latvia,1991,,,15.7,
Latvia,1992,,,17.6,
Latvia,1993,,,16.2,
Latvia,1994,,,15.7,
Latvia,1995,,,18.8,
Latvia,1996,,,15.9,
Latvia,1997,,,15.3,
Latvia,1998,,,15,
Latvia,1999,,,11.3,
Latvia,2000,5.448,463.808,10.3,
Latvia,2001,5.778,552.203,11,
Latvia,2002,5.769,630.85,9.8,70.1
Latvia,2003,5.49,637.612,9.4,70.5
Latvia,2004,6.229,796.519,9.3,70.8
Latvia,2005,5.86,839.732,7.7,70.6
Latvia,2006,5.737,937.959,7.4,70.6
Latvia,2007,5.539,1084.439,8.5,70.8
Latvia,2008,5.625,1118.341,6.6,72
Latvia,2009,6.154,1009.286,7.6,72.6
Latvia,2010,6.148,1075.724,5.6,73
Latvia,2011,5.572,1077.558,6.6,73.7
Latvia,2012,5.42,1156.188,6.3,73.9
Latvia,2013,5.4,1229.691,4.4,74.1
Latvia,2014,5.465,1286.477,3.8,74.3
Latvia,2015,5.711,1405.023,4.1,74.6
Lithuania,1970,,,19.3,70.9
Lithuania,1971,,,14.8,71.9
Lithuania,1972,,,17.4,71.2
Lithuania,1973,,,18.1,71.5
Lithuania,1974,,,19.4,71.4
Lithuania,1975,,,19.6,71
Lithuania,1976,,,18.2,71
Lithuania,1977,,,17.2,70.9
Lithuania,1978,,,18.2,70.6
Lithuania,1979,,,16.8,70.5
Lithuania,1980,,,14.5,70.4
Lithuania,1981,,,16.5,70.4
Lithuania,1982,,,15,70.8
Lithuania,1983,,,13.9,70.7
Lithuania,1984,,,13.4,70.2
Lithuania,1985,,,14.2,70.5
Lithuania,1986,,,11.6,72.1
Lithuania,1987,,,12.3,72
Lithuania,1988,,,11.6,71.9
Lithuania,1989,,,10.7,71.6
Lithuania,1990,,,10.2,71.4
Lithuania,1991,,,14.4,70.6
Lithuania,1992,,,16.3,70.4
Lithuania,1993,,,15.7,69.1
Lithuania,1994,,,14.2,68.7
Lithuania,1995,,,12.5,69.2
Lithuania,1996,,,10.1,70.3
Lithuania,1997,,,10.3,71.1
Lithuania,1998,,,9.3,71.4
Lithuania,1999,,,8.7,71.7
Lithuania,2000,6.192,573.903,8.6,72.1
Lithuania,2001,6.006,605.969,8,71.7
Lithuania,2002,6.136,711.87,8.1,71.8
Lithuania,2003,6.179,816.535,6.9,72.1
Lithuania,2004,5.506,789.513,8.1,72
Lithuania,2005,5.642,885.726,7.1,71.3
Lithuania,2006,5.838,1010.132,7.2,71.1
Lithuania,2007,5.758,1158.653,6.3,70.9
Lithuania,2008,6.287,1347.199,5.5,71.8
Lithuania,2009,7.356,1326.402,5.6,72.9
Lithuania,2010,6.816,1371.141,5,73.3
Lithuania,2011,6.496,1484.753,4.8,73.7
Lithuania,2012,6.288,1568.003,3.9,74
Lithuania,2013,6.14,1662.577,3.7,74.1
Lithuania,2014,6.195,1781.674,3.9,74.7
Lithuania,2015,6.475,1917.586,4.2,74.5
Luxembourg,1970,,,24.9,
Luxembourg,1971,,,22.5,69.7
Luxembourg,1972,,,14,70.9
Luxembourg,1973,,,15.3,70.8
Luxembourg,1974,,,13.5,70.8
Luxembourg,1975,,,14.8,70.8
Luxembourg,1976,3.898,,17.9,70.8
Luxembourg,1977,4.24,,10.6,72.2
Luxembourg,1978,4.475,,10.6,72.1
Luxembourg,1979,4.544,,13,72.8
Luxembourg,1980,4.642,,11.5,72.8
Luxembourg,1981,4.763,,13.8,72.6
Luxembourg,1982,4.641,,12.1,72.7
Luxembourg,1983,4.557,,11.2,73.5
Luxembourg,1984,4.47,,11.7,73.3
Luxembourg,1985,4.53,,9,73.8
Luxembourg,1986,4.501,,7.9,74.7
Luxembourg,1987,4.899,,9.4,74.3
Luxembourg,1988,5.072,,8.5,75
Luxembourg,1989,4.941,,9.9,74.8
Luxembourg,1990,5.127,,7.3,75.6
Luxembourg,1991,4.92,,9.2,75.7
Luxembourg,1992,5.162,,8.5,75.3
Luxembourg,1993,5.228,,6,75.9
Luxembourg,1994,5.093,,5.3,76.6
Luxembourg,1995,5.331,2095.455,5.5,76.8
Luxembourg,1996,5.341,2216.048,4.9,76.8
Luxembourg,1997,5.249,2268.142,4.2,77
Luxembourg,1998,5.427,2427.138,5,77.3
Luxembourg,1999,5.526,2827.654,4.7,77.9
Luxembourg,2000,5.901,3409.348,5.1,78
Luxembourg,2001,6.41,3712.747,5.9,77.9
Luxembourg,2002,6.738,4248.808,5.1,78.1
Luxembourg,2003,6.971,4411.598,4.9,77.8
Luxembourg,2004,7.347,4776.724,3.9,79.2
Luxembourg,2005,7.184,4881.401,2.6,79.5
Luxembourg,2006,6.71,5149.52,2.5,79.4
Luxembourg,2007,6.234,5084.77,1.8,79.5
Luxembourg,2008,6.538,5431.112,1.8,80.6
Luxembourg,2009,7.34,5724.101,2.5,80.7
Luxembourg,2010,7.031,5622.75,3.4,80.7
Luxembourg,2011,6.112,4830.517,4.3,81.1
Luxembourg,2012,6.572,5207.355,2.5,81.5
Luxembourg,2013,5.571,4672.621,3.9,81.9
Luxembourg,2014,5.461,4727.859,2.8,82.3
Luxembourg,2015,5.378,4732.548,2.8,82.4
Mexico,1970,,,,60.9
Mexico,1971,,,71.3,62.4
Mexico,1972,,,68.9,63.1
Mexico,1973,,,67.2,63.7
Mexico,1974,,,66.1,64.2
Mexico,1975,,,64.6,64.7
Mexico,1976,,,62.2,65.2
Mexico,1977,,,60.5,65.7
Mexico,1978,,,58.3,66.1
Mexico,1979,,,55.7,66.6
Mexico,1980,,,52.6,67.2
Mexico,1981,,,49.3,67.7
Mexico,1982,,,46.3,68.2
Mexico,1983,,,44.2,68.6
Mexico,1984,,,42.8,69.1
Mexico,1985,,,41.6,69.5
Mexico,1986,,,40,69.9
Mexico,1987,,,38.4,70.2
Mexico,1988,,,36.8,70.6
Mexico,1989,,,,70.8
Mexico,1990,,,32.5,70.5
Mexico,1991,,,31.1,70.9
Mexico,1992,,,29.7,71.3
Mexico,1993,,,28.4,71.7
Mexico,1994,,,27.2,72
Mexico,1995,,,26,72.3
Mexico,1996,,,24.9,72.5
Mexico,1997,,,23.8,72.8
Mexico,1998,,,22.8,73
Mexico,1999,4.395,465.766,21.8,73.2
Mexico,2000,4.449,506.479,20.8,73.3
Mexico,2001,4.82,556.216,20,73.5
Mexico,2002,5.072,589.318,19.1,73.6
Mexico,2003,5.815,676.489,18.3,73.8
Mexico,2004,5.954,755.402,17.6,73.9
Mexico,2005,5.836,760.927,16.9,74
Mexico,2006,5.655,812.239,16.3,74.1
Mexico,2007,5.766,861.707,15.7,74.2
Mexico,2008,5.699,892.652,15.1,74.1
Mexico,2009,6.13,906.998,14.6,74
Mexico,2010,5.975,926.952,14.1,74.1
Mexico,2011,5.701,940.11,13.7,74.2
Mexico,2012,5.842,1004.16,13.3,74.4
Mexico,2013,5.941,1028.09,13,74.6
Mexico,2014,5.607,1003.868,12.5,74.8
Mexico,2015,5.752,1075.433,12.5,75
Netherlands,1970,,,12.7,73.7
Netherlands,1971,,,12.1,73.9
Netherlands,1972,5.585,308.404,11.7,73.8
Netherlands,1973,5.625,341.571,11.5,74.2
Netherlands,1974,5.82,398.225,11.3,74.6
Netherlands,1975,6.159,452.39,10.6,74.6
Netherlands,1976,6.097,491.574,10.7,74.7
Netherlands,1977,6.185,540.897,9.5,75.3
Netherlands,1978,6.301,604.484,9.6,75.3
Netherlands,1979,6.46,673.603,8.7,75.7
Netherlands,1980,6.514,749.842,8.6,75.9
Netherlands,1981,6.604,807.376,8.3,76
Netherlands,1982,6.829,864.951,8.3,76.1
Netherlands,1983,6.829,906.025,8.4,76.3
Netherlands,1984,6.555,940.239,8.3,76.4
Netherlands,1985,6.544,976.419,8,76.5
Netherlands,1986,6.63,1034.406,7.7,76.4
Netherlands,1987,6.738,1086.104,7.6,76.9
Netherlands,1988,6.667,1145.17,6.8,77.1
Netherlands,1989,6.834,1268.189,6.8,76.9
Netherlands,1990,6.992,1398.515,7.1,77
Netherlands,1991,7.169,1499.185,6.5,77.2
Netherlands,1992,7.376,1586.297,6.3,77.4
Netherlands,1993,7.476,1647.696,6.3,77.1
Netherlands,1994,7.359,1688.242,5.6,77.5
Netherlands,1995,7.27,1746.81,5.5,77.6
Netherlands,1996,7.213,1820.824,5.7,77.6
Netherlands,1997,7.026,1881.613,5,78
Netherlands,1998,7.796,2215.7,5.2,78
Netherlands,1999,7.825,2372.005,5.2,77.9
Netherlands,2000,7.707,2645.877,5.1,78.2
Netherlands,2001,8.059,2881.777,5.4,78.3
Netherlands,2002,8.649,3296.964,5,78.4
Netherlands,2003,9.057,3308.9,4.8,78.7
Netherlands,2004,9.111,3495.24,4.4,79.2
Netherlands,2005,9.097,3583.454,4.9,79.5
Netherlands,2006,9.081,3826.415,4.4,79.9
Netherlands,2007,9.053,4075.45,4.1,80.3
Netherlands,2008,9.277,4378.383,3.8,80.5
Netherlands,2009,9.993,4444.424,3.8,80.8
Netherlands,2010,10.155,4472.695,3.8,81
Netherlands,2011,10.234,4567.357,3.6,81.3
Netherlands,2012,10.539,4782.366,3.7,81.2
Netherlands,2013,10.584,4923.877,3.8,81.4
Netherlands,2014,10.567,4934.583,3.6,81.8
Netherlands,2015,10.324,4928.366,3.3,81.6
New Zealand,1970,5.073,214.428,16.7,71.5
New Zealand,1971,5.007,226.307,16.6,71.6
New Zealand,1972,5.012,251.469,15.6,71.7
New Zealand,1973,5.267,295.745,16.2,71.8
New Zealand,1974,5.93,354.854,15.6,72
New Zealand,1975,6.466,403.111,16,72.1
New Zealand,1976,6.055,404.45,14,72.3
New Zealand,1977,6.325,434.766,14.2,72.5
New Zealand,1978,6.738,501.828,13.8,72.7
New Zealand,1979,6.327,506.19,12.8,72.9
New Zealand,1980,5.762,498.437,13,73.2
New Zealand,1981,5.719,561.035,11.8,73.4
New Zealand,1982,5.759,593.383,12,73.6
New Zealand,1983,5.61,631.76,12.9,73.7
New Zealand,1984,5.312,641.786,11.7,73.8
New Zealand,1985,4.883,603.632,10.9,74
New Zealand,1986,5.037,663.868,11.4,74.1
New Zealand,1987,5.575,764.749,10.1,74.5
New Zealand,1988,6.087,882.234,10.9,74.8
New Zealand,1989,6.24,947.575,10.3,75.2
New Zealand,1990,6.664,1018.444,8.4,75.5
New Zealand,1991,7.099,1063.969,8.4,75.8
New Zealand,1992,7.23,1116.194,7.3,76.1
New Zealand,1993,6.935,1166.882,7.3,76.3
New Zealand,1994,6.954,1244.143,7.2,76.6
New Zealand,1995,6.949,1303.951,6.7,76.8
New Zealand,1996,6.891,1340.513,7.3,77.1
New Zealand,1997,7.098,1418.189,6.8,77.4
New Zealand,1998,7.513,1498.221,5.4,77.7
New Zealand,1999,7.397,1565.445,5.8,78.1
New Zealand,2000,7.47,1659.44,6.3,78.4
New Zealand,2001,7.579,1797.648,5.6,78.7
New Zealand,2002,7.9,1920.964,6.2,79
New Zealand,2003,7.722,1916.372,5.4,79.3
New Zealand,2004,7.901,2077.423,5.9,79.6
New Zealand,2005,8.273,2194.439,5,79.8
New Zealand,2006,8.633,2438.053,5.1,80.1
New Zealand,2007,8.321,2538.799,4.8,80.3
New Zealand,2008,9.114,2829.765,5,80.5
New Zealand,2009,9.624,2951.423,5.2,80.7
New Zealand,2010,9.588,3044.547,5.5,80.8
New Zealand,2011,9.51,3132.308,5.2,81
New Zealand,2012,9.652,3240.034,4.7,81.2
New Zealand,2013,9.366,3388.248,5,81.4
New Zealand,2014,9.424,3496.098,5.7,81.5
New Zealand,2015,9.328,3513.375,4.3,81.7
Norway,1970,3.993,154.067,11.3,74.4
Norway,1971,4.263,179.307,11.3,74.4
Norway,1972,4.637,207.93,10.5,74.6
Norway,1973,4.788,237.187,10.4,74.7
Norway,1974,4.788,272.875,9.2,75.1
Norway,1975,5.194,327.352,9.5,75.1
Norway,1976,5.324,368.607,8.8,75.3
Norway,1977,5.547,421.521,8.2,75.7
Norway,1978,6.093,502.69,7.7,75.8
Norway,1979,5.569,524.958,7.6,75.8
Norway,1980,5.41,607.515,8.1,75.9
Norway,1981,5.44,676.709,7.5,76.1
Norway,1982,5.64,735.928,8.1,76.2
Norway,1983,5.822,810.554,7.9,76.3
Norway,1984,5.479,838.64,8.3,76.4
Norway,1985,5.477,907.538,8.5,76.1
Norway,1986,5.918,965.047,7.8,76.5
Norway,1987,6.154,1036.525,8.4,76.3
Norway,1988,6.291,1081.507,8,76.4
Norway,1989,6.118,1113.575,7.8,76.7
Norway,1990,7.075,1359.652,6.9,76.7
Norway,1991,7.35,1479.869,6.2,77.1
Norway,1992,7.501,1555.075,5.8,77.4
Norway,1993,7.38,1603.708,5,77.3
Norway,1994,7.293,1668.317,5.2,77.9
Norway,1995,7.273,1767.807,4,77.9
Norway,1996,7.189,1927.574,4,78.3
Norway,1997,7.743,2196.446,4.1,78.3
Norway,1998,8.427,2366.474,4,78.5
Norway,1999,8.436,2518.86,3.9,78.4
Norway,2000,7.709,2792.135,3.8,78.8
Norway,2001,8.021,2937.017,3.9,78.9
Norway,2002,9.005,3389.226,3.5,79
Norway,2003,9.219,3447.974,3.3,79.6
Norway,2004,8.826,3656.159,3.2,80.1
Norway,2005,8.333,3740.873,3.1,80.3
Norway,2006,7.916,3962.883,3.2,80.6
Norway,2007,8.048,4310.264,3.1,80.6
Norway,2008,7.956,4604.504,2.7,80.8
Norway,2009,9.064,4687.112,3.1,81
Norway,2010,8.898,4775.15,2.8,81.2
Norway,2011,8.779,4965.184,2.4,81.4
Norway,2012,8.765,5209.577,2.5,81.5
Norway,2013,8.917,5485.874,2.4,81.8
Norway,2014,9.328,5707.377,2.4,82.2
Norway,2015,10.109,5728.329,2.3,82.4
Poland,1970,,,36.4,70
Poland,1971,,,29.3,69.7
Poland,1972,,,28.3,70.7
Poland,1973,,,29.5,70.7
Poland,1974,,,23.4,71.2
Poland,1975,,,24.8,70.6
Poland,1976,,,23.7,70.7
Poland,1977,,,24.5,70.5
Poland,1978,,,26.8,70.4
Poland,1979,,,25.2,70.9
Poland,1980,,,25.4,70.2
Poland,1981,,,24.9,71.2
Poland,1982,,,24.4,71.2
Poland,1983,,,23.1,71.1
Poland,1984,,,23,70.9
Poland,1985,,,22.1,71.1
Poland,1986,,,21.3,71
Poland,1987,,,21.2,71.5
Poland,1988,,,19.9,71.5
Poland,1989,,,19.3,71.2
Poland,1990,4.333,302.685,19.4,70.8
Poland,1991,4.795,302.451,18.2,70.5
Poland,1992,5.022,324.9,17.5,71.1
Poland,1993,5.122,349.491,16.2,71.6
Poland,1994,5.004,370.317,15.1,71.8
Poland,1995,4.923,397.759,13.6,72.1
Poland,1996,5.242,454.708,12.2,72.4
Poland,1997,5.107,476.413,10.2,72.8
Poland,1998,5.031,497.228,9.5,73.2
Poland,1999,5.466,572.471,8.9,73.2
Poland,2000,5.298,603.789,8.1,73.8
Poland,2001,5.679,668.066,7.7,74.2
Poland,2002,6.079,774.069,7.5,74.6
Poland,2003,5.962,781.586,7,74.7
Poland,2004,5.869,837.647,6.8,74.9
Poland,2005,5.807,834.605,6.4,75.1
Poland,2006,5.801,902.61,6,75.3
Poland,2007,5.873,1050.561,6,75.4
Poland,2008,6.373,1222.748,5.6,75.7
Poland,2009,6.587,1315.65,5.6,75.8
Poland,2010,6.419,1422.816,5,76.5
Poland,2011,6.234,1496.615,4.7,76.8
Poland,2012,6.201,1578.599,4.6,76.9
Poland,2013,6.375,1670.783,4.6,77.1
Poland,2014,6.246,1687.056,4.2,77.7
Poland,2015,6.34,1802.995,4,77.6
Portugal,1970,2.261,44.556,55.5,66.7
Portugal,1971,2.422,54.302,51.9,66.4
Portugal,1972,2.988,77.289,41.4,68.4
Portugal,1973,3.231,97.345,44.8,67.5
Portugal,1974,3.456,111.331,37.9,68.1
Portugal,1975,4.731,149.452,38.9,68.4
Portugal,1976,4.579,158.407,33.4,69
Portugal,1977,4.086,157.89,30.3,70.1
Portugal,1978,4.214,179.685,29.1,70.5
Portugal,1979,4.095,190.982,26,71.3
Portugal,1980,4.789,255.267,24.3,71.4
Portugal,1981,5.024,288.87,21.8,71.7
Portugal,1982,5.084,315.216,19.8,72.5
Portugal,1983,4.824,308.838,19.2,72.4
Portugal,1984,4.95,313.973,16.7,72.7
Portugal,1985,5.367,371.275,17.8,73
Portugal,1986,5.932,463.03,15.8,73.4
Portugal,1987,5.768,494.48,14.2,73.8
Portugal,1988,6.008,574.914,13,73.8
Portugal,1989,5.538,577.759,12.1,74.4
Portugal,1990,5.516,629.785,10.9,74.1
Portugal,1991,6.039,733.392,10.8,74.1
Portugal,1992,6.186,789.968,9.2,74.7
Portugal,1993,6.452,823.123,8.6,74.6
Portugal,1994,6.427,861.771,7.9,75.5
Portugal,1995,7.199,1008.669,7.4,75.4
Portugal,1996,7.452,1085.132,6.8,75.3
Portugal,1997,7.413,1143.267,6.4,75.8
Portugal,1998,7.381,1193.702,6,76
Portugal,1999,7.62,1319.759,5.6,76.3
Portugal,2000,8.375,1599.426,5.5,76.9
Portugal,2001,8.404,1665.389,5,77.2
Portugal,2002,8.558,1792.284,5,77.4
Portugal,2003,8.902,1876.249,4.1,77.5
Portugal,2004,9.295,2035.41,3.8,78.4
Portugal,2005,9.433,2135.366,3.5,78.2
Portugal,2006,9.136,2186.499,3.3,79
Portugal,2007,9.066,2253.204,3.4,79.2
Portugal,2008,9.353,2386.065,3.3,79.5
Portugal,2009,9.879,2457.329,3.6,79.7
Portugal,2010,9.819,2528.8,2.5,80
Portugal,2011,9.531,2408.055,3.1,80.6
Portugal,2012,9.348,2345.629,3.4,80.5
Portugal,2013,9.09,2417.038,2.9,80.8
Portugal,2014,9.022,2450.887,2.9,81.2
Portugal,2015,8.972,2540.072,2.9,81.2
Russian Federation,1970,,,,68.3
Russian Federation,1971,,,,68.5
Russian Federation,1972,,,,68.4
Russian Federation,1973,,,,68.4
Russian Federation,1974,,,,68.5
Russian Federation,1975,,,,67.9
Russian Federation,1976,,,,67.6
Russian Federation,1977,,,,67.5
Russian Federation,1978,,,,67.5
Russian Federation,1979,,,,67.3
Russian Federation,1980,,,22,67.2
Russian Federation,1981,,,21.5,67.4
Russian Federation,1982,,,20.2,67.9
Russian Federation,1983,,,19.9,67.8
Russian Federation,1984,,,21.1,67.3
Russian Federation,1985,,,20.8,68
Russian Federation,1986,,,19.1,69.5
Russian Federation,1987,,,19.4,69.6
Russian Federation,1988,,,19.1,69.6
Russian Federation,1989,,,18.1,69.3
Russian Federation,1990,,,17.4,69
Russian Federation,1991,,,17.8,68.8
Russian Federation,1992,,,18,67.8
Russian Federation,1993,,,19.9,65.3
Russian Federation,1994,,,18.6,64.3
Russian Federation,1995,,,18.1,64.9
Russian Federation,1996,,,17.4,66
Russian Federation,1997,,,17.2,66.8
Russian Federation,1998,,,16.5,67.2
Russian Federation,1999,,,16.9,66.1
Russian Federation,2000,4.999,446.85,15.3,65.6
Russian Federation,2001,5.221,482.047,14.6,65.5
Russian Federation,2002,5.498,580.925,13.3,65.3
Russian Federation,2003,5.137,588.887,12.4,65.2
Russian Federation,2004,4.735,624.367,11.6,65.6
Russian Federation,2005,4.747,704.441,11,65.7
Russian Federation,2006,4.742,858.191,10.2,66.9
Russian Federation,2007,4.723,987.348,9.4,67.7
Russian Federation,2008,4.878,1202.237,8.5,68.1
Russian Federation,2009,5.614,1209.428,8.1,68.8
Russian Federation,2010,4.945,1205.122,7.5,69
Russian Federation,2011,4.782,1358.963,7.4,69.8
Russian Federation,2012,4.932,1498.673,8.6,70.2
Russian Federation,2013,5.071,1405.386,8.2,70.7
Russian Federation,2014,5.284,1508.922,7.4,70.9
Russian Federation,2015,5.287,1424.522,6.5,71.3
Slovakia,1970,,,25.7,70
Slovakia,1971,,,24.4,70
Slovakia,1972,,,25.4,70.5
Slovakia,1973,,,24.9,70.1
Slovakia,1974,,,22.8,70.3
Slovakia,1975,,,23.7,70.5
Slovakia,1976,,,24.5,70.6
Slovakia,1977,,,21.5,70.6
Slovakia,1978,,,21.8,70.6
Slovakia,1979,,,20.9,70.9
Slovakia,1980,,,20.9,70.6
Slovakia,1981,,,19.2,70.9
Slovakia,1982,,,17.9,71
Slovakia,1983,,,17.5,70.7
Slovakia,1984,,,17.2,71
Slovakia,1985,,,16.3,71
Slovakia,1986,,,15,71.2
Slovakia,1987,,,14.2,71.4
Slovakia,1988,,,13.3,71.5
Slovakia,1989,,,13.5,71.3
Slovakia,1990,,,12,71.2
Slovakia,1991,,,13.2,71.2
Slovakia,1992,,,12.6,71.6
Slovakia,1993,,,10.6,72.1
Slovakia,1994,,,11.2,72.5
Slovakia,1995,,,11,72.5
Slovakia,1996,,,10.2,72.9
Slovakia,1997,5.654,648.711,8.7,72.9
Slovakia,1998,5.551,662.978,8.8,72.8
Slovakia,1999,5.54,658.135,8.3,73.2
Slovakia,2000,5.313,690.069,8.6,73.4
Slovakia,2001,5.34,758.523,6.2,73.6
Slovakia,2002,5.517,868.625,7.6,73.8
Slovakia,2003,5.458,876.585,7.9,73.8
Slovakia,2004,6.48,1100.807,6.8,74.2
Slovakia,2005,6.598,1191.447,7.2,74.2
Slovakia,2006,6.862,1341.482,6.6,74.4
Slovakia,2007,7.19,1583.864,6.1,74.5
Slovakia,2008,6.966,1687.058,5.9,75
Slovakia,2009,7.957,1813.552,5.7,75.3
Slovakia,2010,7.801,2010.418,5.7,75.6
Slovakia,2011,7.418,1974.761,4.9,76.1
Slovakia,2012,7.634,2097.401,5.8,76.2
Slovakia,2013,7.528,2153.698,5.5,76.5
Slovakia,2014,6.908,2010.11,5.8,76.9
Slovakia,2015,6.847,2059.654,5.1,76.7
Slovenia,1970,,,24.5,68.7
Slovenia,1971,,,25.5,
Slovenia,1972,,,21,
Slovenia,1973,,,21.2,
Slovenia,1974,,,19,
Slovenia,1975,,,17.3,
Slovenia,1976,,,19.4,
Slovenia,1977,,,17.6,
Slovenia,1978,,,16.6,
Slovenia,1979,,,15.4,
Slovenia,1980,,,15.3,
Slovenia,1981,,,13.1,
Slovenia,1982,,,14,71.2
Slovenia,1983,,,13.9,71
Slovenia,1984,,,13.9,71.4
Slovenia,1985,,,13,71.9
Slovenia,1986,,,11.9,72.4
Slovenia,1987,,,11.1,72.4
Slovenia,1988,,,10,73
Slovenia,1989,,,8.1,73.4
Slovenia,1990,,,8.4,73.8
Slovenia,1991,,,8.2,73.5
Slovenia,1992,,,8.9,73.6
Slovenia,1993,,,6.8,73.5
Slovenia,1994,,,6.5,74
Slovenia,1995,,,5.5,74.7
Slovenia,1996,,,4.7,75.1
Slovenia,1997,,,5.2,75.1
Slovenia,1998,,,5.2,75.3
Slovenia,1999,,,4.5,75.7
Slovenia,2000,7.784,1463.19,4.9,76.1
Slovenia,2001,7.876,1553.257,4.2,76.4
Slovenia,2002,7.996,1736.558,3.8,76.6
Slovenia,2003,8.082,1786.42,4,76.4
Slovenia,2004,7.927,1858.078,3.7,77.2
Slovenia,2005,7.965,1900.012,4.1,77.4
Slovenia,2006,7.802,1984.836,3.4,78.3
Slovenia,2007,7.494,2065.298,2.8,78.3
Slovenia,2008,7.849,2297.536,2.4,79.1
Slovenia,2009,8.562,2271.269,2.4,79.3
Slovenia,2010,8.591,2318.485,2.5,79.8
Slovenia,2011,8.574,2376.637,2.9,80.1
Slovenia,2012,8.758,2431.003,1.6,80.2
Slovenia,2013,8.792,2495.279,2.9,80.4
Slovenia,2014,8.509,2499.108,1.8,81.2
Slovenia,2015,8.496,2574.155,1.6,80.9
South Africa,1970,,,,56
South Africa,1971,,,,56.3
South Africa,1972,,,,56.7
South Africa,1973,,,,56.9
South Africa,1974,,,90.7,57.1
South Africa,1975,,,86.4,57.3
South Africa,1976,,,82.3,57.4
South Africa,1977,,,78.4,57.5
South Africa,1978,,,74.7,57.6
South Africa,1979,,,71.2,57.7
South Africa,1980,,,68,57.9
South Africa,1981,,,65,58.2
South Africa,1982,,,62.2,58.5
South Africa,1983,,,59.6,58.9
South Africa,1984,,,57.3,59.3
South Africa,1985,,,55.1,59.9
South Africa,1986,,,53.1,60.4
South Africa,1987,,,51.2,61
South Africa,1988,,,49.6,61.5
South Africa,1989,,,48.1,61.9
South Africa,1990,,,46.9,62.2
South Africa,1991,,,46.1,62.4
South Africa,1992,,,45.7,62.4
South Africa,1993,,,45.7,62.2
South Africa,1994,,,46.2,61.9
South Africa,1995,,,47.1,61.4
South Africa,1996,,,48.2,60.6
South Africa,1997,,,49.2,59.7
South Africa,1998,,,50.3,58.7
South Africa,1999,,,51.2,57.6
South Africa,2000,7.437,503.801,52.1,56.4
South Africa,2001,7.451,527.001,52.9,55.4
South Africa,2002,6.883,531.567,53.6,54.4
South Africa,2003,6.914,558.737,53.5,53.6
South Africa,2004,6.811,581.239,52.9,52.9
South Africa,2005,6.706,613.112,52,52.6
South Africa,2006,6.587,665.307,50.5,52.7
South Africa,2007,6.431,705.318,47.2,53.1
South Africa,2008,6.546,757.062,44.8,53.8
South Africa,2009,7.115,792.189,40.4,54.8
South Africa,2010,7.415,865.455,38.4,55.9
South Africa,2011,7.497,921.673,37.3,57.3
South Africa,2012,7.753,971.706,36.1,58.6
South Africa,2013,7.721,995.6,34.2,59.9
South Africa,2014,7.93,1038.903,32.5,61
South Africa,2015,8.201,1075.208,31.8,62
Spain,1970,3.145,82.866,28.1,72
Spain,1971,3.584,102.049,25.6,
Spain,1972,3.782,120.122,22.8,
Spain,1973,3.699,132.541,21.4,
Spain,1974,4.028,163.683,19.8,
Spain,1975,4.192,185.362,18.9,73.4
Spain,1976,4.668,221.95,17.1,73.7
Spain,1977,4.916,252.6,16,74.2
Spain,1978,4.954,276.564,15.3,74.4
Spain,1979,4.902,296.518,14.3,74.9
Spain,1980,4.967,329.951,12.3,75.4
Spain,1981,5.104,360.38,12.5,75.7
Spain,1982,5.196,388.64,11.3,76.3
Spain,1983,5.348,420.167,10.9,76
Spain,1984,5.16,428.919,9.9,76.4
Spain,1985,5.044,444.41,8.9,76.4
Spain,1986,5.005,471.367,9.2,76.7
Spain,1987,5.074,521.353,8.9,76.9
Spain,1988,5.643,636.936,8,76.9
Spain,1989,5.767,712.45,7.8,77
Spain,1990,6.101,820.839,7.6,77
Spain,1991,6.288,897.721,7.2,77.1
Spain,1992,6.663,979.334,7.1,77.6
Spain,1993,6.967,1027.845,6.7,77.7
Spain,1994,6.893,1051.74,6,78.1
Spain,1995,7.048,1125.359,5.5,78.1
Spain,1996,7.069,1178.921,5.5,78.3
Spain,1997,6.953,1230.664,5,78.8
Spain,1998,6.917,1301.488,4.9,78.9
Spain,1999,6.923,1370.226,4.5,78.8
Spain,2000,6.816,1523.18,4.4,79.3
Spain,2001,6.783,1634.843,4,79.8
Spain,2002,6.803,1803.5,4.1,79.9
Spain,2003,7.529,2008.939,3.9,79.7
Spain,2004,7.616,2116.38,3.9,80.4
Spain,2005,7.673,2203.176,3.7,80.3
Spain,2006,7.754,2379.078,3.5,81.1
Spain,2007,7.832,2468.763,3.4,81.2
Spain,2008,8.289,2658.03,3.3,81.5
Spain,2009,8.984,2737.591,3.2,81.9
Spain,2010,9.011,2724.801,3.2,82.4
Spain,2011,9.078,2724.201,3.1,82.6
Spain,2012,9.072,2726.366,3.1,82.5
Spain,2013,9.02,2764.268,2.7,83.2
Spain,2014,9.024,2852.743,2.8,83.3
Spain,2015,9.109,3024.647,2.7,82.9
Sweden,1970,5.5,271.768,11,74.8
Sweden,1971,5.938,306.17,11.1,74.8
Sweden,1972,6.04,331.121,10.8,74.8
Sweden,1973,6.013,359.117,9.9,75
Sweden,1974,6.253,419.712,9.6,75.1
Sweden,1975,6.538,501.417,8.6,75.2
Sweden,1976,6.823,559.952,8.3,75.1
Sweden,1977,7.58,648.111,8,75.6
Sweden,1978,7.628,693.944,7.8,75.7
Sweden,1979,7.518,771.807,7.5,75.7
Sweden,1980,7.827,897.331,6.9,75.9
Sweden,1981,7.931,964.888,6.9,76.2
Sweden,1982,8.017,1022.674,6.8,76.5
Sweden,1983,7.928,1061.472,7,76.7
Sweden,1984,7.737,1121.557,6.4,77
Sweden,1985,7.344,1119.595,6.8,76.8
Sweden,1986,7.113,1153.996,5.9,77.1
Sweden,1987,7.192,1234.701,6.1,77.3
Sweden,1988,7.108,1301.594,5.8,77.1
Sweden,1989,7.167,1411.721,5.8,77.8
Sweden,1990,7.248,1488.214,6,77.7
Sweden,1991,7.236,1478.949,6.2,77.9
Sweden,1992,7.52,1535.666,5.3,78.2
Sweden,1993,7.763,1520.923,4.8,78.2
Sweden,1994,7.369,1517.293,4.4,78.9
Sweden,1995,7.284,1593.048,4.1,79
Sweden,1996,7.487,1689.906,4,79.2
Sweden,1997,7.308,1708.238,3.6,79.4
Sweden,1998,7.39,1807.774,3.5,79.5
Sweden,1999,7.406,1959.359,3.4,79.6
Sweden,2000,7.402,2194.808,3.4,79.7
Sweden,2001,8.022,2414.137,3.7,79.9
Sweden,2002,8.349,2656.868,3.3,79.9
Sweden,2003,8.453,2696.823,3.1,80.3
Sweden,2004,8.252,2793.38,3.1,80.6
Sweden,2005,8.268,2831.235,2.4,80.7
Sweden,2006,8.151,3026.053,2.8,81
Sweden,2007,8.064,3233.318,2.5,81.1
Sweden,2008,8.303,3433.666,2.5,81.3
Sweden,2009,8.935,3472.578,2.5,81.5
Sweden,2010,8.477,3446.016,2.5,81.6
Sweden,2011,10.666,4484.426,2.1,81.9
Sweden,2012,10.926,4693.916,2.6,81.8
Sweden,2013,11.089,4750.497,2.7,82
Sweden,2014,11.13,4882.123,2.2,82.3
Sweden,2015,11.004,5027.333,2.5,82.3
Switzerland,1970,4.901,326.182,15.1,73.1
Switzerland,1971,5.12,376.601,14.3,73.3
Switzerland,1972,5.086,405.421,13.3,73.8
Switzerland,1973,5.161,440.143,13.2,74.1
Switzerland,1974,5.512,507.75,12.5,74.4
Switzerland,1975,6.281,584.453,10.7,74.8
Switzerland,1976,6.502,636.128,10.7,74.9
Switzerland,1977,6.497,689.717,9.8,75.4
Switzerland,1978,6.507,763.445,8.6,75.4
Switzerland,1979,6.598,842.446,8.5,75.7
Switzerland,1980,6.631,959.56,9.1,75.7
Switzerland,1981,6.691,1067.218,7.6,75.9
Switzerland,1982,6.828,1145.542,7.7,76.2
Switzerland,1983,7.192,1250.751,7.6,76.2
Switzerland,1984,6.952,1299.536,7.1,76.9
Switzerland,1985,7.51,1485.565,6.9,77
Switzerland,1986,7.676,1599.492,6.8,77.1
Switzerland,1987,7.859,1718.693,6.8,77.5
Switzerland,1988,7.903,1854.858,6.8,77.5
Switzerland,1989,7.909,2016.179,7.3,77.7
Switzerland,1990,7.852,2133.773,6.8,77.5
Switzerland,1991,8.479,2332.036,6.2,77.8
Switzerland,1992,8.858,2431.536,6.4,78.1
Switzerland,1993,8.962,2489.613,5.6,78.4
Switzerland,1994,9.09,2623.66,5.1,78.6
Switzerland,1995,9.321,2731.736,5.1,78.7
Switzerland,1996,9.7,2896.609,4.7,79.1
Switzerland,1997,9.72,3010.449,4.8,79.3
Switzerland,1998,9.831,3135.6,4.8,79.6
Switzerland,1999,9.961,3257.711,4.6,79.8
Switzerland,2000,9.844,3490.571,4.9,79.9
Switzerland,2001,10.231,3735.617,5,80.4
Switzerland,2002,10.641,4079.823,4.5,80.6
Switzerland,2003,10.936,4117.204,4.3,80.6
Switzerland,2004,11.004,4314.567,4.2,81.2
Switzerland,2005,10.822,4316.509,4.2,81.4
Switzerland,2006,10.214,4401.263,4.4,81.7
Switzerland,2007,10.016,4780.224,3.9,82
Switzerland,2008,10.151,5105.168,4,82.2
Switzerland,2009,10.809,5281.552,4.3,82.3
Switzerland,2010,10.699,5296.132,3.8,82.6
Switzerland,2011,10.769,5477.136,3.8,82.8
Switzerland,2012,11.058,5795.883,3.6,82.8
Switzerland,2013,11.314,6188.217,3.9,82.9
Switzerland,2014,11.494,6439.034,3.9,83.3
Switzerland,2015,11.884,6760.507,3.9,83
Turkey,1970,,,,54.2
Turkey,1971,,,,54.6
Turkey,1972,,,,55
Turkey,1973,,,,55.4
Turkey,1974,,,,55.7
Turkey,1975,2.156,41.765,,56.1
Turkey,1976,1.695,37.807,,56.5
Turkey,1977,1.988,55.541,,56.9
Turkey,1978,2.226,61.946,,57.3
Turkey,1979,2.293,66.75,,57.7
Turkey,1980,2.361,73.429,,58.1
Turkey,1981,2.574,90.39,,58.5
Turkey,1982,2.146,80.066,,58.9
Turkey,1983,2.194,88.742,,59.7
Turkey,1984,2.114,91.277,,60.9
Turkey,1985,1.49,69.317,,62.1
Turkey,1986,1.835,95.719,,63.2
Turkey,1987,1.896,98.762,,64.4
Turkey,1988,2.074,119.172,,65.2
Turkey,1989,2.275,127.912,,65.7
Turkey,1990,2.451,151.795,,67.5
Turkey,1991,2.786,174.525,,67.8
Turkey,1992,2.747,181.84,,68.2
Turkey,1993,2.695,196.065,,68.5
Turkey,1994,2.624,178.732,,68.9
Turkey,1995,2.448,174.611,,69.3
Turkey,1996,2.834,229.92,40.9,69.7
Turkey,1997,3.06,265.226,38.8,70.1
Turkey,1998,3.509,299.833,36.5,70.3
Turkey,1999,4.465,369.102,33.9,70.7
Turkey,2000,4.622,431.79,28.4,71.1
Turkey,2001,4.924,472.627,28.6,71.5
Turkey,2002,5.101,519.978,29.6,71.9
Turkey,2003,5.059,509.731,29.1,72.3
Turkey,2004,4.959,558.668,27.4,72.7
Turkey,2005,4.942,588.128,25.8,73.1
Turkey,2006,5.188,677.564,24.5,73.4
Turkey,2007,5.281,733.105,16.5,73.7
Turkey,2008,5.259,807.052,15.7,73.9
Turkey,2009,5.534,817.062,13.9,74.1
Turkey,2010,5.054,843.282,12,74.3
Turkey,2011,4.688,888.309,11.6,74.6
Turkey,2012,4.478,894.741,11.6,74.6
Turkey,2013,4.404,947.74,10.8,78
Turkey,2014,4.347,1006.772,11.1,78
Turkey,2015,4.139,1040.373,10.2,78
United Kingdom,1970,3.971,123.968,18.5,71.9
United Kingdom,1971,4.017,134.107,17.9,71.9
United Kingdom,1972,4.088,147.633,17.5,
United Kingdom,1973,4.019,162.242,17.2,
United Kingdom,1974,4.647,196.546,16.8,
United Kingdom,1975,4.933,225.183,16,
United Kingdom,1976,4.949,244.326,14.5,
United Kingdom,1977,4.846,260.52,14.1,
United Kingdom,1978,4.798,291.595,13.3,
United Kingdom,1979,4.74,325.932,12.9,
United Kingdom,1980,5.063,384.801,12.1,73.2
United Kingdom,1981,5.285,433.684,11.2,73.8
United Kingdom,1982,5.123,447.825,11,74.1
United Kingdom,1983,5.321,501.245,10.2,74.3
United Kingdom,1984,5.237,520.857,9.6,74.5
United Kingdom,1985,5.14,549.067,9.4,74.7
United Kingdom,1986,5.125,578.028,9.5,74.8
United Kingdom,1987,5.178,634.308,9.1,75.2
United Kingdom,1988,5.089,687.181,9,75.3
United Kingdom,1989,5.037,738.931,8.4,75.4
United Kingdom,1990,5.09,781.649,7.9,75.7
United Kingdom,1991,5.486,842.112,7.4,75.9
United Kingdom,1992,5.935,929.788,6.6,76.3
United Kingdom,1993,6.003,994.598,6.3,76.2
United Kingdom,1994,6.078,1057.499,6.2,76.8
United Kingdom,1995,5.597,1092.989,6.2,76.7
United Kingdom,1996,5.587,1170.692,6.1,76.9
United Kingdom,1997,5.465,1197.515,5.8,77.2
United Kingdom,1998,5.603,1249.778,5.7,77.3
United Kingdom,1999,5.844,1355.559,5.8,77.5
United Kingdom,2000,5.972,1561.224,5.6,77.9
United Kingdom,2001,6.311,1744.409,5.5,78.2
United Kingdom,2002,6.568,1938.607,5.2,78.3
United Kingdom,2003,6.833,2075.671,5.3,78.4
United Kingdom,2004,7.036,2283.803,5,79
United Kingdom,2005,7.175,2318.468,5.1,79.2
United Kingdom,2006,7.308,2479.628,4.9,79.5
United Kingdom,2007,7.406,2581.759,4.7,79.7
United Kingdom,2008,7.646,2686.75,4.6,79.8
United Kingdom,2009,8.482,2788.696,4.5,80.4
United Kingdom,2010,8.434,2870.56,4.2,80.6
United Kingdom,2011,8.376,2909.888,4.2,81
United Kingdom,2012,8.286,2968.076,4,81
United Kingdom,2013,9.766,3573.575,3.9,81.1
United Kingdom,2014,9.757,3668.397,3.9,81.4
United Kingdom,2015,9.687,3703.081,3.9,81
United States,1970,6.247,326.961,20,70.9
United States,1971,6.382,357.988,19.1,71.2
United States,1972,6.516,397.097,18.5,71.3
United States,1973,6.531,439.302,17.7,71.5
United States,1974,6.852,495.114,16.7,72.1
United States,1975,7.188,560.75,16.1,72.7
United States,1976,7.435,638.851,15.2,73
United States,1977,7.683,726.241,14.1,73.4
United States,1978,7.656,808.884,13.8,73.5
United States,1979,7.786,908.963,13.1,73.9
United States,1980,8.241,1036.3,12.6,73.7
United States,1981,8.526,1191.537,11.9,74.1
United States,1982,9.212,1329.669,11.5,74.5
United States,1983,9.341,1451.945,11.2,74.6
United States,1984,9.291,1590.667,10.8,74.7
United States,1985,9.515,1735.156,10.6,74.7
United States,1986,9.689,1847.773,10.4,74.7
United States,1987,9.933,1990.544,10.1,74.9
United States,1988,10.322,2210.695,10,74.9
United States,1989,10.675,2440.059,9.8,75.1
United States,1990,11.304,2700.355,9.2,75.3
United States,1991,11.979,2915.953,8.9,75.5
United States,1992,12.25,3113.846,8.5,75.7
United States,1993,12.506,3299.975,8.4,75.5
United States,1994,12.428,3441.954,8,75.7
United States,1995,12.542,3598.378,7.6,75.7
United States,1996,12.506,3747.624,7.3,76.1
United States,1997,12.414,3905.402,7.2,76.5
United States,1998,12.428,4083.054,7.2,76.7
United States,1999,12.429,4289.566,7.1,76.7
United States,2000,12.542,4557.152,6.9,76.7
United States,2001,13.219,4908.715,6.8,76.9
United States,2002,14.007,5326.083,7,77
United States,2003,14.522,5735.516,6.8,77.1
United States,2004,14.61,6094.229,6.8,77.6
United States,2005,14.606,6443.319,6.9,77.6
United States,2006,14.703,6807.131,6.7,77.8
United States,2007,14.926,7160.704,6.8,78.1
United States,2008,15.301,7403.141,6.6,78.1
United States,2009,16.31,7681.982,6.4,78.5
United States,2010,16.382,7939.349,6.1,78.6
United States,2011,16.35,8154.364,6.1,78.7
United States,2012,16.329,8423.311,6,78.8
United States,2013,16.257,8628.561,6,78.8
United States,2014,16.443,9042.281,5.8,78.9
United States,2015,16.749,9505.074,5.9,78.7
